case,file,entry,time_shanghai,time_utc,method,path_template,path,room_type,http_status,business_code,duration_ms,query,request_body,response_summary,evidence
校本部图书馆,校本部图书馆预约.har,68,2026-10-03T00:25:31.686+08:00,2026-10-02T16:25:31.686Z,GET,/api/v3/my/profile,/api/v3/my/profile,LIB_SEAT,200,0,206,{},,"{""code"":0,""data"":{""isAnonymous"":false,""disableBooking"":false,""isAdmin"":false,""id"":""<profile.data.id>"",""name"":""<profile.data.name>"",""mobile"":""<redacted>""}}",校本部图书馆预约.har#68
校本部图书馆,校本部图书馆预约.har,66,2026-10-03T00:25:31.897+08:00,2026-10-02T16:25:31.897Z,GET,/api/v3/my/bookings/recent,/api/v3/my/bookings/recent,LIB_SEAT,200,0,243,{},,"{""code"":0,""data"":[]}",校本部图书馆预约.har#66
校本部图书馆,校本部图书馆预约.har,57,2026-10-03T00:25:45.902+08:00,2026-10-02T16:25:45.902Z,GET,/api/v3/booking-status/areas,/api/v3/booking-status/areas,LIB_SEAT,200,0,327,"{""begin"":""2026-10-03"",""end"":""2026-10-03""}",,"{""code"":0,""data"":[{""id"":""CvT5k6Aivz2riLTRTq2FxM"",""name"":""校本部图书馆自修区"",""level"":""FLOOR"",""supportRoomTypes"":[""LIB_SEAT""]},{""id"":""KRdcGiyK99gzrqCepi91Cv"",""name"":""二楼东侧"",""level"":""FLOOR"",""parentId"":""CvT5k6Aivz2riLTRTq2FxM"",""parentName"":""校本部图书馆自修区"",""supportRoomTypes"":[""LIB_SEAT""]},{""id"":""8DWVvvMnMn6Kvg9qCbNPdi"",""name"":""二楼西侧"",""level"":""FLOOR"",""parentId"":""CvT5k6Aivz2riLTRTq2FxM"",""parentName"":""校本部图书馆自修区"",""supportRoomTypes"":[""LIB_SEAT""]}]}",校本部图书馆预约.har#57
校本部图书馆,校本部图书馆预约.har,67,2026-10-03T00:25:45.940+08:00,2026-10-02T16:25:45.940Z,GET,/api/v3/booking-status/overview,/api/v3/booking-status/overview,LIB_SEAT,200,0,233,"{""day"":""2026-10-03""}",,"{""code"":0,""data"":{""currentOfficeArea"":{""id"":""all"",""name"":""所有区域"",""shortName"":""所有区域"",""supportRoomTypes"":[""ROOM""],""abilities"":[]},""bookingDays_count"":30,""bookingTimes"":{""timeBlockType"":""FIXED_BLOCK"",""startHour"":9,""endHour"":18,""morningEndHour"":12,""afternoonStartHour"":12,""maxDuration"":480,""configMaxDuration"":480,""meetingInterval"":15,""bookingLimitDays"":365,""needCheckin"":true,""disablePersonConflict"":false,""enableFixedBooking"":false,""enableAgentBooking"":true}}}",校本部图书馆预约.har#67
校本部图书馆,校本部图书馆预约.har,55,2026-10-03T00:25:50.435+08:00,2026-10-02T16:25:50.435Z,GET,/api/v3/booking-status/areas,/api/v3/booking-status/areas,LIB_SEAT,200,0,301,"{""begin"":""2026-10-04"",""end"":""2026-10-04""}",,"{""code"":0,""data"":[{""id"":""CvT5k6Aivz2riLTRTq2FxM"",""name"":""校本部图书馆自修区"",""level"":""FLOOR"",""supportRoomTypes"":[""LIB_SEAT""]},{""id"":""KRdcGiyK99gzrqCepi91Cv"",""name"":""二楼东侧"",""level"":""FLOOR"",""parentId"":""CvT5k6Aivz2riLTRTq2FxM"",""parentName"":""校本部图书馆自修区"",""supportRoomTypes"":[""LIB_SEAT""]},{""id"":""8DWVvvMnMn6Kvg9qCbNPdi"",""name"":""二楼西侧"",""level"":""FLOOR"",""parentId"":""CvT5k6Aivz2riLTRTq2FxM"",""parentName"":""校本部图书馆自修区"",""supportRoomTypes"":[""LIB_SEAT""]}]}",校本部图书馆预约.har#55
校本部图书馆,校本部图书馆预约.har,56,2026-10-03T00:25:50.435+08:00,2026-10-02T16:25:50.435Z,GET,/api/v3/booking-status/overview,/api/v3/booking-status/overview,LIB_SEAT,200,0,204,"{""day"":""2026-10-04""}",,"{""code"":0,""data"":{""currentOfficeArea"":{""id"":""all"",""name"":""所有区域"",""shortName"":""所有区域"",""supportRoomTypes"":[""ROOM""],""abilities"":[]},""bookingDays_count"":30,""bookingTimes"":{""timeBlockType"":""FIXED_BLOCK"",""startHour"":9,""endHour"":18,""morningEndHour"":12,""afternoonStartHour"":12,""maxDuration"":480,""configMaxDuration"":480,""meetingInterval"":15,""bookingLimitDays"":365,""needCheckin"":true,""disablePersonConflict"":false,""enableFixedBooking"":false,""enableAgentBooking"":true}}}",校本部图书馆预约.har#56
校本部图书馆,校本部图书馆预约.har,53,2026-10-03T00:25:52.069+08:00,2026-10-02T16:25:52.069Z,GET,/api/v3/booking-status/overview,/api/v3/booking-status/overview,LIB_SEAT,200,0,217,"{""day"":""2026-10-05""}",,"{""code"":0,""data"":{""currentOfficeArea"":{""id"":""all"",""name"":""所有区域"",""shortName"":""所有区域"",""supportRoomTypes"":[""ROOM""],""abilities"":[]},""bookingDays_count"":30,""bookingTimes"":{""timeBlockType"":""FIXED_BLOCK"",""startHour"":9,""endHour"":18,""morningEndHour"":12,""afternoonStartHour"":12,""maxDuration"":480,""configMaxDuration"":480,""meetingInterval"":15,""bookingLimitDays"":365,""needCheckin"":true,""disablePersonConflict"":false,""enableFixedBooking"":false,""enableAgentBooking"":true}}}",校本部图书馆预约.har#53
校本部图书馆,校本部图书馆预约.har,54,2026-10-03T00:25:52.070+08:00,2026-10-02T16:25:52.070Z,GET,/api/v3/booking-status/areas,/api/v3/booking-status/areas,LIB_SEAT,200,0,350,"{""begin"":""2026-10-05"",""end"":""2026-10-05""}",,"{""code"":0,""data"":[{""id"":""CvT5k6Aivz2riLTRTq2FxM"",""name"":""校本部图书馆自修区"",""level"":""FLOOR"",""supportRoomTypes"":[""LIB_SEAT""]},{""id"":""KRdcGiyK99gzrqCepi91Cv"",""name"":""二楼东侧"",""level"":""FLOOR"",""parentId"":""CvT5k6Aivz2riLTRTq2FxM"",""parentName"":""校本部图书馆自修区"",""supportRoomTypes"":[""LIB_SEAT""]},{""id"":""8DWVvvMnMn6Kvg9qCbNPdi"",""name"":""二楼西侧"",""level"":""FLOOR"",""parentId"":""CvT5k6Aivz2riLTRTq2FxM"",""parentName"":""校本部图书馆自修区"",""supportRoomTypes"":[""LIB_SEAT""]}]}",校本部图书馆预约.har#54
校本部图书馆,校本部图书馆预约.har,47,2026-10-03T00:25:54.358+08:00,2026-10-02T16:25:54.358Z,GET,/api/v3/booking-status/areas/{areaId},/api/v3/booking-status/areas/KRdcGiyK99gzrqCepi91Cv,LIB_SEAT,200,0,471,"{""begin"":""2026-10-05"",""end"":""2026-10-05""}",,"{""code"":0,""data"":{""id"":""KRdcGiyK99gzrqCepi91Cv"",""name"":""二楼东侧"",""path"":[{""id"":""CvT5k6Aivz2riLTRTq2FxM"",""name"":""校本部图书馆自修区""},{""id"":""KRdcGiyK99gzrqCepi91Cv"",""name"":""二楼东侧""}],""totalResourceCount"":268,""bookedResourceCount"":0,""bookableResourceCount"":268,""bookingDays"":[""2026-10-04"",""2026-10-05""],""bookingTimes"":{""timeBlockType"":""FIXED_BLOCK"",""supportAcrossDayBooking"":false,""suggestStartTime"":""08:00"",""suggestEndTime"":""09:00"",""startHour"":8,""endHour"":22,""morningEndHour"":12,""afternoonStartHour"":12,""maxDuration"":480,""minDuration"":30,""configMaxDuration"":480,""meetingInterval"":30,""bookingLimitDays"":1,""needCheckin"":true,""disablePersonConflict"":false,""enableFixedBooking"":false,""enableAgentBooking"":true}}}",校本部图书馆预约.har#47
校本部图书馆,校本部图书馆预约.har,41,2026-10-03T00:26:01.206+08:00,2026-10-02T16:26:01.206Z,GET,/api/v3/booking-status/areas/{areaId},/api/v3/booking-status/areas/KRdcGiyK99gzrqCepi91Cv,LIB_SEAT,200,0,521,"{""begin"":""2026-10-05 09:00"",""end"":""2026-10-05""}",,"{""code"":0,""data"":{""id"":""KRdcGiyK99gzrqCepi91Cv"",""name"":""二楼东侧"",""path"":[{""id"":""CvT5k6Aivz2riLTRTq2FxM"",""name"":""校本部图书馆自修区""},{""id"":""KRdcGiyK99gzrqCepi91Cv"",""name"":""二楼东侧""}],""totalResourceCount"":268,""bookedResourceCount"":0,""bookableResourceCount"":268,""bookingDays"":[""2026-10-04"",""2026-10-05""],""bookingTimes"":{""timeBlockType"":""FIXED_BLOCK"",""supportAcrossDayBooking"":false,""suggestStartTime"":""08:00"",""suggestEndTime"":""09:00"",""startHour"":8,""endHour"":22,""morningEndHour"":12,""afternoonStartHour"":12,""maxDuration"":480,""minDuration"":30,""configMaxDuration"":480,""meetingInterval"":30,""bookingLimitDays"":1,""needCheckin"":true,""disablePersonConflict"":false,""enableFixedBooking"":false,""enableAgentBooking"":true}}}",校本部图书馆预约.har#41
校本部图书馆,校本部图书馆预约.har,40,2026-10-03T00:26:01.216+08:00,2026-10-02T16:26:01.216Z,GET,/api/v3/booking-status/areas/{areaId},/api/v3/booking-status/areas/KRdcGiyK99gzrqCepi91Cv,LIB_SEAT,200,0,511,"{""begin"":""2026-10-05 09:00"",""end"":""2026-10-05 12:00""}",,"{""code"":0,""data"":{""id"":""KRdcGiyK99gzrqCepi91Cv"",""name"":""二楼东侧"",""path"":[{""id"":""CvT5k6Aivz2riLTRTq2FxM"",""name"":""校本部图书馆自修区""},{""id"":""KRdcGiyK99gzrqCepi91Cv"",""name"":""二楼东侧""}],""totalResourceCount"":268,""bookedResourceCount"":0,""bookableResourceCount"":268,""bookingDays"":[""2026-10-04"",""2026-10-05""],""bookingTimes"":{""timeBlockType"":""FIXED_BLOCK"",""supportAcrossDayBooking"":false,""suggestStartTime"":""09:00"",""suggestEndTime"":""12:00"",""startHour"":8,""endHour"":22,""morningEndHour"":12,""afternoonStartHour"":12,""maxDuration"":480,""minDuration"":30,""configMaxDuration"":480,""meetingInterval"":30,""bookingLimitDays"":1,""needCheckin"":true,""disablePersonConflict"":false,""enableFixedBooking"":false,""enableAgentBooking"":true}}}",校本部图书馆预约.har#40
校本部图书馆,校本部图书馆预约.har,39,2026-10-03T00:26:04.232+08:00,2026-10-02T16:26:04.232Z,POST,/api/v3/bookings,/api/v3/bookings,LIB_SEAT,200,200,1189,{},"{""rooms"":[{""id"":""7ydBnzPTnAZiJchSfPGAzP"",""name"":""2E009"",""officeAreaId"":""KRdcGiyK99gzrqCepi91Cv"",""disabled"":false,""showOrder"":9,""isBusy"":false,""isBooked"":false,""abilities"":[""booking""]}],""times"":[{""startDate"":""2026-10-05"",""startTime"":""09:00"",""endDate"":""2026-10-05"",""endTime"":""12:00""}],""subject"":""<profile.data.name>"",""meetingMembers"":[""<profile.data.id>""]}","{""code"":200,""warnMessage"":""不能预订超过2天的预订""}",校本部图书馆预约.har#39
校本部图书馆,校本部图书馆预约.har,38,2026-10-03T00:26:05.436+08:00,2026-10-02T16:26:05.436Z,GET,/api/v3/my/bookings/recent,/api/v3/my/bookings/recent,LIB_SEAT,200,0,155,{},,"{""code"":0,""data"":[]}",校本部图书馆预约.har#38
校本部图书馆,校本部图书馆预约.har,37,2026-10-03T00:26:05.439+08:00,2026-10-02T16:26:05.439Z,GET,/api/v3/booking-status/areas/{areaId},/api/v3/booking-status/areas/KRdcGiyK99gzrqCepi91Cv,LIB_SEAT,200,0,450,"{""begin"":""2026-10-05 09:00"",""end"":""2026-10-05 12:00""}",,"{""code"":0,""data"":{""id"":""KRdcGiyK99gzrqCepi91Cv"",""name"":""二楼东侧"",""path"":[{""id"":""CvT5k6Aivz2riLTRTq2FxM"",""name"":""校本部图书馆自修区""},{""id"":""KRdcGiyK99gzrqCepi91Cv"",""name"":""二楼东侧""}],""totalResourceCount"":268,""bookedResourceCount"":0,""bookableResourceCount"":268,""bookingDays"":[""2026-10-04"",""2026-10-05""],""bookingTimes"":{""timeBlockType"":""FIXED_BLOCK"",""supportAcrossDayBooking"":false,""suggestStartTime"":""09:00"",""suggestEndTime"":""12:00"",""startHour"":8,""endHour"":22,""morningEndHour"":12,""afternoonStartHour"":12,""maxDuration"":480,""minDuration"":30,""configMaxDuration"":480,""meetingInterval"":30,""bookingLimitDays"":1,""needCheckin"":true,""disablePersonConflict"":false,""enableFixedBooking"":false,""enableAgentBooking"":true}}}",校本部图书馆预约.har#37
校本部图书馆,校本部图书馆预约.har,35,2026-10-03T00:26:05.593+08:00,2026-10-02T16:26:05.593Z,GET,/api/v3/booking-status/overview,/api/v3/booking-status/overview,LIB_SEAT,200,0,239,"{""day"":""2026-10-05""}",,"{""code"":0,""data"":{""currentOfficeArea"":{""id"":""all"",""name"":""所有区域"",""shortName"":""所有区域"",""supportRoomTypes"":[""ROOM""],""abilities"":[]},""bookingDays_count"":30,""bookingTimes"":{""timeBlockType"":""FIXED_BLOCK"",""startHour"":9,""endHour"":18,""morningEndHour"":12,""afternoonStartHour"":12,""maxDuration"":480,""configMaxDuration"":480,""meetingInterval"":15,""bookingLimitDays"":365,""needCheckin"":true,""disablePersonConflict"":false,""enableFixedBooking"":false,""enableAgentBooking"":true}}}",校本部图书馆预约.har#35
校本部图书馆,校本部图书馆预约.har,34,2026-10-03T00:26:13.569+08:00,2026-10-02T16:26:13.569Z,POST,/api/v3/bookings,/api/v3/bookings,LIB_SEAT,200,200,251,{},"{""rooms"":[{""id"":""7ydBnzPTnAZiJchSfPGAzP"",""name"":""2E009"",""officeAreaId"":""KRdcGiyK99gzrqCepi91Cv"",""disabled"":false,""showOrder"":9,""isBusy"":false,""isBooked"":false,""abilities"":[""booking""]}],""times"":[{""startDate"":""2026-10-05"",""startTime"":""09:00"",""endDate"":""2026-10-05"",""endTime"":""12:00""}],""subject"":""<profile.data.name>"",""meetingMembers"":[""<profile.data.id>""]}","{""code"":200,""warnMessage"":""同一用户10秒只能提交一次"",""message"":""同一用户10秒只能提交一次""}",校本部图书馆预约.har#34
校本部图书馆,校本部图书馆预约.har,33,2026-10-03T00:26:13.835+08:00,2026-10-02T16:26:13.835Z,GET,/api/v3/my/bookings/recent,/api/v3/my/bookings/recent,LIB_SEAT,200,0,197,{},,"{""code"":0,""data"":[]}",校本部图书馆预约.har#33
校本部图书馆,校本部图书馆预约.har,31,2026-10-03T00:26:13.836+08:00,2026-10-02T16:26:13.836Z,GET,/api/v3/booking-status/overview,/api/v3/booking-status/overview,LIB_SEAT,200,0,197,"{""day"":""2026-10-05""}",,"{""code"":0,""data"":{""currentOfficeArea"":{""id"":""all"",""name"":""所有区域"",""shortName"":""所有区域"",""supportRoomTypes"":[""ROOM""],""abilities"":[]},""bookingDays_count"":30,""bookingTimes"":{""timeBlockType"":""FIXED_BLOCK"",""startHour"":9,""endHour"":18,""morningEndHour"":12,""afternoonStartHour"":12,""maxDuration"":480,""configMaxDuration"":480,""meetingInterval"":15,""bookingLimitDays"":365,""needCheckin"":true,""disablePersonConflict"":false,""enableFixedBooking"":false,""enableAgentBooking"":true}}}",校本部图书馆预约.har#31
校本部图书馆,校本部图书馆预约.har,30,2026-10-03T00:26:14.034+08:00,2026-10-02T16:26:14.034Z,GET,/api/v3/booking-status/areas/{areaId},/api/v3/booking-status/areas/KRdcGiyK99gzrqCepi91Cv,LIB_SEAT,200,0,505,"{""begin"":""2026-10-05 09:00"",""end"":""2026-10-05 12:00""}",,"{""code"":0,""data"":{""id"":""KRdcGiyK99gzrqCepi91Cv"",""name"":""二楼东侧"",""path"":[{""id"":""CvT5k6Aivz2riLTRTq2FxM"",""name"":""校本部图书馆自修区""},{""id"":""KRdcGiyK99gzrqCepi91Cv"",""name"":""二楼东侧""}],""totalResourceCount"":268,""bookedResourceCount"":0,""bookableResourceCount"":268,""bookingDays"":[""2026-10-04"",""2026-10-05""],""bookingTimes"":{""timeBlockType"":""FIXED_BLOCK"",""supportAcrossDayBooking"":false,""suggestStartTime"":""09:00"",""suggestEndTime"":""12:00"",""startHour"":8,""endHour"":22,""morningEndHour"":12,""afternoonStartHour"":12,""maxDuration"":480,""minDuration"":30,""configMaxDuration"":480,""meetingInterval"":30,""bookingLimitDays"":1,""needCheckin"":true,""disablePersonConflict"":false,""enableFixedBooking"":false,""enableAgentBooking"":true}}}",校本部图书馆预约.har#30
校本部图书馆,校本部图书馆预约.har,29,2026-10-03T00:26:18.501+08:00,2026-10-02T16:26:18.501Z,GET,/api/v3/booking-status/overview,/api/v3/booking-status/overview,LIB_SEAT,200,0,236,"{""day"":""2026-10-04""}",,"{""code"":0,""data"":{""currentOfficeArea"":{""id"":""all"",""name"":""所有区域"",""shortName"":""所有区域"",""supportRoomTypes"":[""ROOM""],""abilities"":[]},""bookingDays_count"":7,""bookingTimes"":{""timeBlockType"":""FIXED_BLOCK"",""startHour"":9,""endHour"":18,""morningEndHour"":12,""afternoonStartHour"":12,""maxDuration"":480,""configMaxDuration"":480,""meetingInterval"":15,""bookingLimitDays"":365,""needCheckin"":true,""disablePersonConflict"":false,""enableFixedBooking"":false,""enableAgentBooking"":true}}}",校本部图书馆预约.har#29
校本部图书馆,校本部图书馆预约.har,27,2026-10-03T00:26:19.001+08:00,2026-10-02T16:26:19.001Z,GET,/api/v3/booking-status/overview,/api/v3/booking-status/overview,LIB_SEAT,200,0,246,"{""day"":""2026-10-03""}",,"{""code"":0,""data"":{""currentOfficeArea"":{""id"":""all"",""name"":""所有区域"",""shortName"":""所有区域"",""supportRoomTypes"":[""ROOM""],""abilities"":[]},""bookingDays_count"":7,""bookingTimes"":{""timeBlockType"":""FIXED_BLOCK"",""startHour"":9,""endHour"":18,""morningEndHour"":12,""afternoonStartHour"":12,""maxDuration"":480,""configMaxDuration"":480,""meetingInterval"":15,""bookingLimitDays"":365,""needCheckin"":true,""disablePersonConflict"":false,""enableFixedBooking"":false,""enableAgentBooking"":true}}}",校本部图书馆预约.har#27
校本部图书馆,校本部图书馆预约.har,26,2026-10-03T00:26:24.391+08:00,2026-10-02T16:26:24.391Z,GET,/api/v3/booking-status/areas/{areaId},/api/v3/booking-status/areas/KRdcGiyK99gzrqCepi91Cv,LIB_SEAT,200,0,546,"{""begin"":""2026-10-03"",""end"":""2026-10-03""}",,"{""code"":0,""data"":{""id"":""KRdcGiyK99gzrqCepi91Cv"",""name"":""二楼东侧"",""path"":[{""id"":""CvT5k6Aivz2riLTRTq2FxM"",""name"":""校本部图书馆自修区""},{""id"":""KRdcGiyK99gzrqCepi91Cv"",""name"":""二楼东侧""}],""totalResourceCount"":268,""bookedResourceCount"":1,""busyResourceCount"":1,""freeResourceCount"":267,""bookableResourceCount"":268,""bookingDays"":[""2026-10-03"",""2026-10-04""],""bookingTimes"":{""timeBlockType"":""FIXED_BLOCK"",""supportAcrossDayBooking"":false,""suggestStartTime"":""08:30"",""suggestEndTime"":""09:30"",""startHour"":8,""endHour"":22,""morningEndHour"":12,""afternoonStartHour"":12,""maxDuration"":480,""minDuration"":30,""configMaxDuration"":480,""meetingInterval"":30,""bookingLimitDays"":1,""needCheckin"":true,""disablePersonConflict"":false,""enableFixedBooking"":false,""enableAgentBooking"":true}}}",校本部图书馆预约.har#26
校本部图书馆,校本部图书馆预约.har,22,2026-10-03T00:26:28.728+08:00,2026-10-02T16:26:28.728Z,GET,/api/v3/booking-status/areas/{areaId},/api/v3/booking-status/areas/KRdcGiyK99gzrqCepi91Cv,LIB_SEAT,200,0,511,"{""begin"":""2026-10-03 08:30"",""end"":""2026-10-03""}",,"{""code"":0,""data"":{""id"":""KRdcGiyK99gzrqCepi91Cv"",""name"":""二楼东侧"",""path"":[{""id"":""CvT5k6Aivz2riLTRTq2FxM"",""name"":""校本部图书馆自修区""},{""id"":""KRdcGiyK99gzrqCepi91Cv"",""name"":""二楼东侧""}],""totalResourceCount"":268,""bookedResourceCount"":1,""bookableResourceCount"":268,""bookingDays"":[""2026-10-03"",""2026-10-04""],""bookingTimes"":{""timeBlockType"":""FIXED_BLOCK"",""supportAcrossDayBooking"":false,""suggestStartTime"":""08:30"",""suggestEndTime"":""09:30"",""startHour"":8,""endHour"":22,""morningEndHour"":12,""afternoonStartHour"":12,""maxDuration"":480,""minDuration"":30,""configMaxDuration"":480,""meetingInterval"":30,""bookingLimitDays"":1,""needCheckin"":true,""disablePersonConflict"":false,""enableFixedBooking"":false,""enableAgentBooking"":true}}}",校本部图书馆预约.har#22
校本部图书馆,校本部图书馆预约.har,21,2026-10-03T00:26:28.739+08:00,2026-10-02T16:26:28.739Z,GET,/api/v3/booking-status/areas/{areaId},/api/v3/booking-status/areas/KRdcGiyK99gzrqCepi91Cv,LIB_SEAT,200,0,500,"{""begin"":""2026-10-03 08:30"",""end"":""2026-10-03 09:30""}",,"{""code"":0,""data"":{""id"":""KRdcGiyK99gzrqCepi91Cv"",""name"":""二楼东侧"",""path"":[{""id"":""CvT5k6Aivz2riLTRTq2FxM"",""name"":""校本部图书馆自修区""},{""id"":""KRdcGiyK99gzrqCepi91Cv"",""name"":""二楼东侧""}],""totalResourceCount"":268,""bookedResourceCount"":0,""bookableResourceCount"":268,""bookingDays"":[""2026-10-03"",""2026-10-04""],""bookingTimes"":{""timeBlockType"":""FIXED_BLOCK"",""supportAcrossDayBooking"":false,""suggestStartTime"":""08:30"",""suggestEndTime"":""09:30"",""startHour"":8,""endHour"":22,""morningEndHour"":12,""afternoonStartHour"":12,""maxDuration"":480,""minDuration"":30,""configMaxDuration"":480,""meetingInterval"":30,""bookingLimitDays"":1,""needCheckin"":true,""disablePersonConflict"":false,""enableFixedBooking"":false,""enableAgentBooking"":true}}}",校本部图书馆预约.har#21
校本部图书馆,校本部图书馆预约.har,20,2026-10-03T00:26:31.483+08:00,2026-10-02T16:26:31.483Z,POST,/api/v3/bookings,/api/v3/bookings,LIB_SEAT,200,0,1281,{},"{""rooms"":[{""id"":""2RLARqe9egAFzej4ALBizj"",""name"":""2E015"",""officeAreaId"":""KRdcGiyK99gzrqCepi91Cv"",""disabled"":false,""showOrder"":15,""isBusy"":false,""isBooked"":false,""abilities"":[""booking""]}],""times"":[{""startDate"":""2026-10-03"",""startTime"":""08:30"",""endDate"":""2026-10-03"",""endTime"":""09:30""}],""subject"":""<profile.data.name>"",""meetingMembers"":[""<profile.data.id>""]}","{""code"":0,""noticeMessage"":""创建预订成功"",""data"":[{""id"":""BOOKING_LIB"",""subject"":""<profile.data.name>"",""templateType"":"""",""beforeNotify"":false,""abilities"":[]}]}",校本部图书馆预约.har#20
校本部图书馆,校本部图书馆预约.har,19,2026-10-03T00:26:32.777+08:00,2026-10-02T16:26:32.777Z,GET,/api/v3/booking-status/areas/{areaId},/api/v3/booking-status/areas/KRdcGiyK99gzrqCepi91Cv,LIB_SEAT,200,0,455,"{""begin"":""2026-10-03 08:30"",""end"":""2026-10-03 09:30""}",,"{""code"":0,""data"":{""id"":""KRdcGiyK99gzrqCepi91Cv"",""name"":""二楼东侧"",""path"":[{""id"":""CvT5k6Aivz2riLTRTq2FxM"",""name"":""校本部图书馆自修区""},{""id"":""KRdcGiyK99gzrqCepi91Cv"",""name"":""二楼东侧""}],""totalResourceCount"":268,""bookedResourceCount"":1,""bookableResourceCount"":268,""bookingDays"":[""2026-10-03"",""2026-10-04""],""bookingTimes"":{""timeBlockType"":""FIXED_BLOCK"",""supportAcrossDayBooking"":false,""suggestStartTime"":""08:30"",""suggestEndTime"":""09:30"",""startHour"":8,""endHour"":22,""morningEndHour"":12,""afternoonStartHour"":12,""maxDuration"":480,""minDuration"":30,""configMaxDuration"":480,""meetingInterval"":30,""bookingLimitDays"":1,""needCheckin"":true,""disablePersonConflict"":false,""enableFixedBooking"":false,""enableAgentBooking"":true}}}",校本部图书馆预约.har#19
校本部图书馆,校本部图书馆预约.har,17,2026-10-03T00:26:32.778+08:00,2026-10-02T16:26:32.778Z,GET,/api/v3/my/bookings/recent,/api/v3/my/bookings/recent,LIB_SEAT,200,0,1010,{},,"{""code"":0,""data"":[{""id"":""BOOKING_LIB"",""roomId"":""2RLARqe9egAFzej4ALBizj"",""roomName"":""2E015"",""officeAreaId"":""KRdcGiyK99gzrqCepi91Cv"",""officeAreaName"":""二楼东侧"",""roomType"":""LIB_SEAT"",""beginTime"":""2026-10-03 08:30:00"",""endTime"":""2026-10-03 09:30:00"",""duration"":60,""status"":""OPEN"",""statusLabel"":""正常"",""needCheckin"":true,""checkedStatus"":""N"",""abilities"":[""cancel"",""edit"",""edit-member"",""set-not-public"",""waitOpen""]}]}",校本部图书馆预约.har#17
校本部图书馆,校本部图书馆预约.har,14,2026-10-03T00:26:33.236+08:00,2026-10-02T16:26:33.236Z,GET,/api/v3/booking-status/overview,/api/v3/booking-status/overview,LIB_SEAT,200,0,313,"{""day"":""2026-10-03""}",,"{""code"":0,""data"":{""currentOfficeArea"":{""id"":""all"",""name"":""所有区域"",""shortName"":""所有区域"",""supportRoomTypes"":[""ROOM""],""abilities"":[]},""bookingDays_count"":30,""bookingTimes"":{""timeBlockType"":""FIXED_BLOCK"",""startHour"":9,""endHour"":18,""morningEndHour"":12,""afternoonStartHour"":12,""maxDuration"":480,""configMaxDuration"":480,""meetingInterval"":15,""bookingLimitDays"":365,""needCheckin"":true,""disablePersonConflict"":false,""enableFixedBooking"":false,""enableAgentBooking"":true}}}",校本部图书馆预约.har#14
校本部图书馆,校本部图书馆预约.har,12,2026-10-03T00:26:33.553+08:00,2026-10-02T16:26:33.553Z,GET,/api/v3/bookings/{bookingId},/api/v3/bookings/BOOKING_LIB,LIB_SEAT,200,0,849,"{""showChecks"":""true""}",,"{""code"":0,""data"":{""id"":""BOOKING_LIB"",""success"":true,""beginTime"":""2026-10-03 08:30:00"",""endTime"":""2026-10-03 09:30:00"",""duration"":60,""roomId"":""2RLARqe9egAFzej4ALBizj"",""roomName"":""2E015"",""officeAreaId"":""KRdcGiyK99gzrqCepi91Cv"",""officeAreaName"":""二楼东侧"",""roomType"":""LIB_SEAT"",""status"":""OPEN"",""statusLabel"":""正常"",""needCheckin"":true,""joinStatus"":""Y"",""checkinStatus"":""N"",""checkedStatus"":""N"",""abilities"":[""cancel"",""comment"",""edit"",""edit-member"",""set-not-public"",""share"",""view"",""waitOpen""],""checkins"":[],""nowAvailableDelayMinutes"":483,""qrCodeUrl"":""/api/room/qrcode/meeting/{bookingId}.png?ts={ts}"",""qrCodeValue"":""/m/b/{bookingId}/c/{checkinToken}?corpAppId={corpAppId}""}}",校本部图书馆预约.har#12
校本部图书馆,校本部图书馆预约.har,5,2026-10-03T00:26:46.228+08:00,2026-10-02T16:26:46.228Z,DELETE,/api/v3/bookings/{bookingId}/cancel,/api/v3/bookings/BOOKING_LIB/cancel,LIB_SEAT,200,0,1134,{},,"{""code"":0,""noticeMessage"":""取消预订成功"",""data"":{""success"":true,""templateType"":"""",""beforeNotify"":false,""abilities"":[]}}",校本部图书馆预约.har#5
校本部图书馆,校本部图书馆预约.har,4,2026-10-03T00:26:47.377+08:00,2026-10-02T16:26:47.377Z,GET,/api/v3/my/bookings/recent,/api/v3/my/bookings/recent,LIB_SEAT,200,0,1317,{},,"{""code"":0,""data"":[{""id"":""BOOKING_LIB"",""roomId"":""2RLARqe9egAFzej4ALBizj"",""roomName"":""2E015"",""officeAreaId"":""KRdcGiyK99gzrqCepi91Cv"",""officeAreaName"":""二楼东侧"",""roomType"":""LIB_SEAT"",""beginTime"":""2026-10-03 08:30:00"",""endTime"":""2026-10-03 09:30:00"",""duration"":60,""status"":""CANCEL"",""statusLabel"":""已取消"",""needCheckin"":true,""checkedStatus"":""N"",""abilities"":[]}]}",校本部图书馆预约.har#4
24H学习空间,24H学习空间预约.har,36,2026-10-03T00:32:08.477+08:00,2026-10-02T16:32:08.477Z,GET,/api/v3/my/profile,/api/v3/my/profile,STATION,200,0,265,{},,"{""code"":0,""data"":{""isAnonymous"":false,""disableBooking"":false,""isAdmin"":false,""id"":""<profile.data.id>"",""name"":""<profile.data.name>"",""mobile"":""<redacted>""}}",24H学习空间预约.har#36
24H学习空间,24H学习空间预约.har,35,2026-10-03T00:32:08.743+08:00,2026-10-02T16:32:08.743Z,GET,/api/v3/my/bookings/recent,/api/v3/my/bookings/recent,STATION,200,0,159,{},,"{""code"":0,""data"":[]}",24H学习空间预约.har#35
24H学习空间,24H学习空间预约.har,27,2026-10-03T00:32:12.413+08:00,2026-10-02T16:32:12.413Z,GET,/api/v3/booking-status/overview,/api/v3/booking-status/overview,STATION,200,0,282,"{""day"":""2026-10-03""}",,"{""code"":0,""data"":{""currentOfficeArea"":{""id"":""all"",""name"":""所有区域"",""shortName"":""所有区域"",""supportRoomTypes"":[""ROOM""],""abilities"":[]},""bookingDays_count"":7,""bookingTimes"":{""timeBlockType"":""FIXED_BLOCK"",""startHour"":8,""endHour"":24,""morningEndHour"":12,""afternoonStartHour"":12,""maxDuration"":1440,""configMaxDuration"":1440,""meetingInterval"":15,""bookingLimitDays"":7,""needCheckin"":true,""disablePersonConflict"":true,""enableFixedBooking"":false,""enableAgentBooking"":true}}}",24H学习空间预约.har#27
24H学习空间,24H学习空间预约.har,38,2026-10-03T00:32:12.449+08:00,2026-10-02T16:32:12.449Z,GET,/api/v3/booking-status/areas,/api/v3/booking-status/areas,STATION,200,0,493,"{""begin"":""2026-10-03"",""end"":""2026-10-03""}",,"{""code"":0,""data"":[{""id"":""7pcMcUCRxXE6fzXhLp7za7"",""name"":""图书馆24小时自习区"",""level"":""FLOOR"",""supportRoomTypes"":[""STATION""]},{""id"":""WyN53UzbmRsLjpR1t1ttWL"",""name"":""A"",""level"":""FLOOR"",""parentId"":""7pcMcUCRxXE6fzXhLp7za7"",""parentName"":""图书馆24小时自习区"",""supportRoomTypes"":[""STATION""]},{""id"":""DsNjTXf8icSMh3SXB5HPge"",""name"":""B"",""level"":""FLOOR"",""parentId"":""7pcMcUCRxXE6fzXhLp7za7"",""parentName"":""图书馆24小时自习区"",""supportRoomTypes"":[""STATION""]},{""id"":""YLyBwnQ7frVRt49UMSCtnX"",""name"":""C"",""level"":""FLOOR"",""parentId"":""7pcMcUCRxXE6fzXhLp7za7"",""parentName"":""图书馆24小时自习区"",""supportRoomTypes"":[""STATION""]}]}",24H学习空间预约.har#38
24H学习空间,24H学习空间预约.har,21,2026-10-03T00:32:16.290+08:00,2026-10-02T16:32:16.290Z,GET,/api/v3/booking-status/areas/{areaId},/api/v3/booking-status/areas/DsNjTXf8icSMh3SXB5HPge,STATION,200,0,547,"{""begin"":""2026-10-03"",""end"":""2026-10-03""}",,"{""code"":0,""data"":{""id"":""DsNjTXf8icSMh3SXB5HPge"",""name"":""B"",""path"":[{""id"":""7pcMcUCRxXE6fzXhLp7za7"",""name"":""图书馆24小时自习区""},{""id"":""DsNjTXf8icSMh3SXB5HPge"",""name"":""B""}],""totalResourceCount"":171,""bookedResourceCount"":171,""busyResourceCount"":171,""freeResourceCount"":0,""bookableResourceCount"":171,""bookingDays"":[""2026-10-03"",""2026-10-04""],""bookingTimes"":{""timeBlockType"":""FIXED_BLOCK"",""supportAcrossDayBooking"":false,""suggestStartTime"":""00:30"",""suggestEndTime"":""01:30"",""startHour"":0,""endHour"":24,""morningEndHour"":12,""afternoonStartHour"":12,""maxDuration"":480,""configMaxDuration"":480,""meetingInterval"":30,""bookingLimitDays"":1,""needCheckin"":true,""disablePersonConflict"":true,""enableFixedBooking"":false,""enableAgentBooking"":true}}}",24H学习空间预约.har#21
24H学习空间,24H学习空间预约.har,16,2026-10-03T00:32:21.355+08:00,2026-10-02T16:32:21.355Z,GET,/api/v3/booking-status/areas/{areaId},/api/v3/booking-status/areas/DsNjTXf8icSMh3SXB5HPge,STATION,200,0,760,"{""begin"":""2026-10-03 00:30"",""end"":""2026-10-03""}",,"{""code"":0,""data"":{""id"":""DsNjTXf8icSMh3SXB5HPge"",""name"":""B"",""path"":[{""id"":""7pcMcUCRxXE6fzXhLp7za7"",""name"":""图书馆24小时自习区""},{""id"":""DsNjTXf8icSMh3SXB5HPge"",""name"":""B""}],""totalResourceCount"":171,""bookedResourceCount"":171,""busyResourceCount"":171,""freeResourceCount"":0,""bookableResourceCount"":171,""bookingDays"":[""2026-10-03"",""2026-10-04""],""bookingTimes"":{""timeBlockType"":""FIXED_BLOCK"",""supportAcrossDayBooking"":false,""suggestStartTime"":""00:30"",""suggestEndTime"":""01:30"",""startHour"":0,""endHour"":24,""morningEndHour"":12,""afternoonStartHour"":12,""maxDuration"":480,""configMaxDuration"":480,""meetingInterval"":30,""bookingLimitDays"":1,""needCheckin"":true,""disablePersonConflict"":true,""enableFixedBooking"":false,""enableAgentBooking"":true}}}",24H学习空间预约.har#16
24H学习空间,24H学习空间预约.har,15,2026-10-03T00:32:21.363+08:00,2026-10-02T16:32:21.363Z,GET,/api/v3/booking-status/areas/{areaId},/api/v3/booking-status/areas/DsNjTXf8icSMh3SXB5HPge,STATION,200,0,446,"{""begin"":""2026-10-03 00:30"",""end"":""2026-10-03 01:30""}",,"{""code"":0,""data"":{""id"":""DsNjTXf8icSMh3SXB5HPge"",""name"":""B"",""path"":[{""id"":""7pcMcUCRxXE6fzXhLp7za7"",""name"":""图书馆24小时自习区""},{""id"":""DsNjTXf8icSMh3SXB5HPge"",""name"":""B""}],""totalResourceCount"":171,""bookedResourceCount"":0,""busyResourceCount"":0,""freeResourceCount"":171,""bookableResourceCount"":171,""bookingDays"":[""2026-10-03"",""2026-10-04""],""bookingTimes"":{""timeBlockType"":""FIXED_BLOCK"",""supportAcrossDayBooking"":false,""suggestStartTime"":""00:30"",""suggestEndTime"":""01:30"",""startHour"":0,""endHour"":24,""morningEndHour"":12,""afternoonStartHour"":12,""maxDuration"":480,""configMaxDuration"":480,""meetingInterval"":30,""bookingLimitDays"":1,""needCheckin"":true,""disablePersonConflict"":true,""enableFixedBooking"":false,""enableAgentBooking"":true}}}",24H学习空间预约.har#15
24H学习空间,24H学习空间预约.har,14,2026-10-03T00:32:24.484+08:00,2026-10-02T16:32:24.484Z,POST,/api/v3/bookings,/api/v3/bookings,STATION,200,0,1256,{},"{""rooms"":[{""id"":""4q4z61HkGbJZnK89ejv9wU"",""name"":""B-034"",""officeAreaId"":""DsNjTXf8icSMh3SXB5HPge"",""disabled"":false,""showOrder"":34,""isBusy"":false,""isBooked"":false,""abilities"":[""booking""]}],""times"":[{""startDate"":""2026-10-03"",""startTime"":""00:30"",""endDate"":""2026-10-03"",""endTime"":""01:30""}],""subject"":""<profile.data.name>"",""meetingMembers"":[""<profile.data.id>""]}","{""code"":0,""noticeMessage"":""创建预订成功"",""data"":[{""id"":""BOOKING_STATION"",""subject"":""<profile.data.name>"",""templateType"":"""",""beforeNotify"":false,""abilities"":[]}]}",24H学习空间预约.har#14
24H学习空间,24H学习空间预约.har,13,2026-10-03T00:32:25.751+08:00,2026-10-02T16:32:25.751Z,GET,/api/v3/my/bookings/recent,/api/v3/my/bookings/recent,STATION,200,0,1008,{},,"{""code"":0,""data"":[{""id"":""BOOKING_STATION"",""roomId"":""4q4z61HkGbJZnK89ejv9wU"",""roomName"":""B-034"",""officeAreaId"":""DsNjTXf8icSMh3SXB5HPge"",""officeAreaName"":""B"",""roomType"":""STATION"",""beginTime"":""2026-10-03 00:33:00"",""endTime"":""2026-10-03 01:30:00"",""duration"":57,""status"":""OPEN"",""statusLabel"":""正常"",""needCheckin"":true,""checkedStatus"":""N"",""abilities"":[""close"",""edit"",""edit-member"",""set-not-public"",""show-checkin""]}]}",24H学习空间预约.har#13
24H学习空间,24H学习空间预约.har,12,2026-10-03T00:32:25.753+08:00,2026-10-02T16:32:25.753Z,GET,/api/v3/booking-status/areas/{areaId},/api/v3/booking-status/areas/DsNjTXf8icSMh3SXB5HPge,STATION,200,0,359,"{""begin"":""2026-10-03 00:30"",""end"":""2026-10-03 01:30""}",,"{""code"":0,""data"":{""id"":""DsNjTXf8icSMh3SXB5HPge"",""name"":""B"",""path"":[{""id"":""7pcMcUCRxXE6fzXhLp7za7"",""name"":""图书馆24小时自习区""},{""id"":""DsNjTXf8icSMh3SXB5HPge"",""name"":""B""}],""totalResourceCount"":171,""bookedResourceCount"":1,""busyResourceCount"":1,""freeResourceCount"":170,""bookableResourceCount"":171,""bookingDays"":[""2026-10-03"",""2026-10-04""],""bookingTimes"":{""timeBlockType"":""FIXED_BLOCK"",""supportAcrossDayBooking"":false,""suggestStartTime"":""00:30"",""suggestEndTime"":""01:30"",""startHour"":0,""endHour"":24,""morningEndHour"":12,""afternoonStartHour"":12,""maxDuration"":480,""configMaxDuration"":480,""meetingInterval"":30,""bookingLimitDays"":1,""needCheckin"":true,""disablePersonConflict"":true,""enableFixedBooking"":false,""enableAgentBooking"":true}}}",24H学习空间预约.har#12
24H学习空间,24H学习空间预约.har,37,2026-10-03T00:32:25.792+08:00,2026-10-02T16:32:25.792Z,GET,/api/v3/booking-status/overview,/api/v3/booking-status/overview,STATION,200,0,318,"{""day"":""2026-10-03""}",,"{""code"":0,""data"":{""currentOfficeArea"":{""id"":""all"",""name"":""所有区域"",""shortName"":""所有区域"",""supportRoomTypes"":[""ROOM""],""abilities"":[]},""bookingDays_count"":7,""bookingTimes"":{""timeBlockType"":""FIXED_BLOCK"",""startHour"":8,""endHour"":24,""morningEndHour"":12,""afternoonStartHour"":12,""maxDuration"":1440,""configMaxDuration"":1440,""meetingInterval"":15,""bookingLimitDays"":7,""needCheckin"":true,""disablePersonConflict"":true,""enableFixedBooking"":false,""enableAgentBooking"":true}}}",24H学习空间预约.har#37
24H学习空间,24H学习空间预约.har,9,2026-10-03T00:32:26.305+08:00,2026-10-02T16:32:26.305Z,GET,/api/v3/bookings/{bookingId},/api/v3/bookings/BOOKING_STATION,STATION,200,0,1643,"{""showChecks"":""true""}",,"{""code"":0,""data"":{""id"":""BOOKING_STATION"",""success"":true,""beginTime"":""2026-10-03 00:33:00"",""endTime"":""2026-10-03 01:30:00"",""duration"":57,""roomId"":""4q4z61HkGbJZnK89ejv9wU"",""roomName"":""B-034"",""officeAreaId"":""DsNjTXf8icSMh3SXB5HPge"",""officeAreaName"":""B"",""roomType"":""STATION"",""status"":""OPEN"",""statusLabel"":""正常"",""needCheckin"":true,""joinStatus"":""Y"",""checkinStatus"":""N"",""checkedStatus"":""N"",""abilities"":[""close"",""comment"",""edit"",""edit-member"",""set-not-public"",""share"",""show-checkin"",""view""],""checkins"":[],""nowAvailableDelayMinutes"":450,""qrCodeUrl"":""/api/room/qrcode/meeting/{bookingId}.png?ts={ts}"",""qrCodeValue"":""/m/b/{bookingId}/c/{checkinToken}?corpAppId={corpAppId}""}}",24H学习空间预约.har#9
24H学习空间,24H学习空间预约.har,2,2026-10-03T00:32:35.607+08:00,2026-10-02T16:32:35.607Z,PUT,/api/v3/bookings/{bookingId}/finish,/api/v3/bookings/BOOKING_STATION/finish,STATION,200,0,1092,{},,"{""code"":0,""noticeMessage"":""提前结束预订成功"",""message"":""提前结束预订成功""}",24H学习空间预约.har#2
24H学习空间,24H学习空间预约.har,1,2026-10-03T00:32:36.707+08:00,2026-10-02T16:32:36.707Z,GET,/api/v3/my/bookings/recent,/api/v3/my/bookings/recent,STATION,200,0,149,{},,"{""code"":0,""data"":[{""id"":""BOOKING_STATION"",""roomId"":""4q4z61HkGbJZnK89ejv9wU"",""roomName"":""B-034"",""officeAreaId"":""DsNjTXf8icSMh3SXB5HPge"",""officeAreaName"":""B"",""roomType"":""STATION"",""beginTime"":""2026-10-03 00:33:00"",""endTime"":""2026-10-03 00:33:00"",""origEndAt"":""2026-10-03 01:30:00"",""duration"":0,""status"":""CANCEL"",""statusLabel"":""已取消"",""needCheckin"":true,""checkedStatus"":""N"",""abilities"":[]}]}",24H学习空间预约.har#1
延长智能中心,延长智能中心预约.har,63,2026-10-03T00:33:48.303+08:00,2026-10-02T16:33:48.303Z,GET,/api/v3/my/profile,/api/v3/my/profile,SEAT,200,0,1054,{},,"{""code"":0,""data"":{""isAnonymous"":false,""disableBooking"":false,""isAdmin"":false,""id"":""<profile.data.id>"",""name"":""<profile.data.name>"",""mobile"":""<redacted>""}}",延长智能中心预约.har#63
延长智能中心,延长智能中心预约.har,64,2026-10-03T00:33:48.998+08:00,2026-10-02T16:33:48.998Z,GET,/api/v3/my/bookings/recent,/api/v3/my/bookings/recent,SEAT,200,0,157,{},,"{""code"":0,""data"":[]}",延长智能中心预约.har#64
延长智能中心,延长智能中心预约.har,52,2026-10-03T00:33:52.175+08:00,2026-10-02T16:33:52.175Z,GET,/api/v3/booking-status/areas,/api/v3/booking-status/areas,SEAT,200,0,297,"{""begin"":""2026-10-03"",""end"":""2026-10-03""}",,"{""code"":0,""data"":[{""id"":""4N9ynVts4eU8toDS7qP6qk"",""name"":""智能信息中心智慧共享空间"",""level"":""FLOOR"",""supportRoomTypes"":[""SEAT""]},{""id"":""KbuCBLACKv74KmiBqE51z6"",""name"":""B"",""level"":""FLOOR"",""parentId"":""4N9ynVts4eU8toDS7qP6qk"",""parentName"":""智能信息中心智慧共享空间"",""supportRoomTypes"":[""SEAT""]},{""id"":""ENc2vCdpzppbt8zwf1gKJV"",""name"":""C"",""level"":""FLOOR"",""parentId"":""4N9ynVts4eU8toDS7qP6qk"",""parentName"":""智能信息中心智慧共享空间"",""supportRoomTypes"":[""SEAT""]},{""id"":""77cFiM4BoAtYzzZSkv96PX"",""name"":""D"",""level"":""FLOOR"",""parentId"":""4N9ynVts4eU8toDS7qP6qk"",""parentName"":""智能信息中心智慧共享空间"",""supportRoomTypes"":[""SEAT""]}]}",延长智能中心预约.har#52
延长智能中心,延长智能中心预约.har,53,2026-10-03T00:33:52.175+08:00,2026-10-02T16:33:52.175Z,GET,/api/v3/booking-status/overview,/api/v3/booking-status/overview,SEAT,200,0,161,"{""day"":""2026-10-03""}",,"{""code"":0,""data"":{""currentOfficeArea"":{""id"":""all"",""name"":""所有区域"",""shortName"":""所有区域"",""supportRoomTypes"":[""ROOM""],""abilities"":[]},""bookingDays_count"":30,""bookingTimes"":{""timeBlockType"":""FIXED_BLOCK"",""startHour"":9,""endHour"":18,""morningEndHour"":12,""afternoonStartHour"":12,""maxDuration"":480,""configMaxDuration"":480,""meetingInterval"":15,""bookingLimitDays"":365,""needCheckin"":true,""disablePersonConflict"":false,""enableFixedBooking"":false,""enableAgentBooking"":true}}}",延长智能中心预约.har#53
延长智能中心,延长智能中心预约.har,44,2026-10-03T00:33:54.465+08:00,2026-10-02T16:33:54.465Z,GET,/api/v3/booking-status/overview,/api/v3/booking-status/overview,SEAT,200,0,228,"{""day"":""2026-10-04""}",,"{""code"":0,""data"":{""currentOfficeArea"":{""id"":""all"",""name"":""所有区域"",""shortName"":""所有区域"",""supportRoomTypes"":[""ROOM""],""abilities"":[]},""bookingDays_count"":30,""bookingTimes"":{""timeBlockType"":""FIXED_BLOCK"",""startHour"":9,""endHour"":18,""morningEndHour"":12,""afternoonStartHour"":12,""maxDuration"":480,""configMaxDuration"":480,""meetingInterval"":15,""bookingLimitDays"":365,""needCheckin"":true,""disablePersonConflict"":false,""enableFixedBooking"":false,""enableAgentBooking"":true}}}",延长智能中心预约.har#44
延长智能中心,延长智能中心预约.har,45,2026-10-03T00:33:54.466+08:00,2026-10-02T16:33:54.466Z,GET,/api/v3/booking-status/areas,/api/v3/booking-status/areas,SEAT,200,0,329,"{""begin"":""2026-10-04"",""end"":""2026-10-04""}",,"{""code"":0,""data"":[{""id"":""4N9ynVts4eU8toDS7qP6qk"",""name"":""智能信息中心智慧共享空间"",""level"":""FLOOR"",""supportRoomTypes"":[""SEAT""]},{""id"":""KbuCBLACKv74KmiBqE51z6"",""name"":""B"",""level"":""FLOOR"",""parentId"":""4N9ynVts4eU8toDS7qP6qk"",""parentName"":""智能信息中心智慧共享空间"",""supportRoomTypes"":[""SEAT""]},{""id"":""ENc2vCdpzppbt8zwf1gKJV"",""name"":""C"",""level"":""FLOOR"",""parentId"":""4N9ynVts4eU8toDS7qP6qk"",""parentName"":""智能信息中心智慧共享空间"",""supportRoomTypes"":[""SEAT""]},{""id"":""77cFiM4BoAtYzzZSkv96PX"",""name"":""D"",""level"":""FLOOR"",""parentId"":""4N9ynVts4eU8toDS7qP6qk"",""parentName"":""智能信息中心智慧共享空间"",""supportRoomTypes"":[""SEAT""]}]}",延长智能中心预约.har#45
延长智能中心,延长智能中心预约.har,42,2026-10-03T00:33:55.324+08:00,2026-10-02T16:33:55.324Z,GET,/api/v3/booking-status/areas,/api/v3/booking-status/areas,SEAT,200,0,279,"{""begin"":""2026-10-05"",""end"":""2026-10-05""}",,"{""code"":0,""data"":[{""id"":""4N9ynVts4eU8toDS7qP6qk"",""name"":""智能信息中心智慧共享空间"",""level"":""FLOOR"",""supportRoomTypes"":[""SEAT""]},{""id"":""KbuCBLACKv74KmiBqE51z6"",""name"":""B"",""level"":""FLOOR"",""parentId"":""4N9ynVts4eU8toDS7qP6qk"",""parentName"":""智能信息中心智慧共享空间"",""supportRoomTypes"":[""SEAT""]},{""id"":""ENc2vCdpzppbt8zwf1gKJV"",""name"":""C"",""level"":""FLOOR"",""parentId"":""4N9ynVts4eU8toDS7qP6qk"",""parentName"":""智能信息中心智慧共享空间"",""supportRoomTypes"":[""SEAT""]},{""id"":""77cFiM4BoAtYzzZSkv96PX"",""name"":""D"",""level"":""FLOOR"",""parentId"":""4N9ynVts4eU8toDS7qP6qk"",""parentName"":""智能信息中心智慧共享空间"",""supportRoomTypes"":[""SEAT""]}]}",延长智能中心预约.har#42
延长智能中心,延长智能中心预约.har,41,2026-10-03T00:33:55.325+08:00,2026-10-02T16:33:55.325Z,GET,/api/v3/booking-status/overview,/api/v3/booking-status/overview,SEAT,200,0,176,"{""day"":""2026-10-05""}",,"{""code"":0,""data"":{""currentOfficeArea"":{""id"":""all"",""name"":""所有区域"",""shortName"":""所有区域"",""supportRoomTypes"":[""ROOM""],""abilities"":[]},""bookingDays_count"":30,""bookingTimes"":{""timeBlockType"":""FIXED_BLOCK"",""startHour"":9,""endHour"":18,""morningEndHour"":12,""afternoonStartHour"":12,""maxDuration"":480,""configMaxDuration"":480,""meetingInterval"":15,""bookingLimitDays"":365,""needCheckin"":true,""disablePersonConflict"":false,""enableFixedBooking"":false,""enableAgentBooking"":true}}}",延长智能中心预约.har#41
延长智能中心,延长智能中心预约.har,32,2026-10-03T00:33:58.794+08:00,2026-10-02T16:33:58.794Z,GET,/api/v3/booking-status/areas/{areaId},/api/v3/booking-status/areas/KbuCBLACKv74KmiBqE51z6,SEAT,200,0,292,"{""begin"":""2026-10-03"",""end"":""2026-10-03""}",,"{""code"":0,""data"":{""id"":""KbuCBLACKv74KmiBqE51z6"",""name"":""B"",""path"":[{""id"":""4N9ynVts4eU8toDS7qP6qk"",""name"":""智能信息中心智慧共享空间""},{""id"":""KbuCBLACKv74KmiBqE51z6"",""name"":""B""}],""totalResourceCount"":18,""bookedResourceCount"":0,""busyResourceCount"":0,""freeResourceCount"":18,""bookableResourceCount"":18,""bookingDays"":[""2026-10-03"",""2026-10-04"",""2026-10-05"",""2026-10-06"",""2026-10-07"",""2026-10-08"",""2026-10-09"",""2026-10-10"",""2026-10-11"",""2026-10-12"",""2026-10-13"",""2026-10-14"",""2026-10-15"",""2026-10-16"",""2026-10-17"",""2026-10-18"",""2026-10-19"",""2026-10-20"",""2026-10-21"",""2026-10-22"",""2026-10-23"",""2026-10-24"",""2026-10-25"",""2026-10-26"",""2026-10-27"",""2026-10-28"",""2026-10-29"",""2026-10-30"",""2026-10-31"",""2026-11-01""],""bookingTimes"":{""timeBlockType"":""FIXED_BLOCK"",""supportAcrossDayBooking"":false,""suggestStartTime"":""09:30"",""suggestEndTime"":""10:30"",""startHour"":9,""endHour"":18,""morningEndHour"":12,""afternoonStartHour"":12,""maxDuration"":480,""configMaxDuration"":480,""meetingInterval"":15,""bookingLimitDays"":365,""needCheckin"":true,""disablePersonConflict"":false,""enableFixedBooking"":false,""enableAgentBooking"":true}}}",延长智能中心预约.har#32
延长智能中心,延长智能中心预约.har,28,2026-10-03T00:34:00.963+08:00,2026-10-02T16:34:00.963Z,GET,/api/v3/booking-status/areas/{areaId},/api/v3/booking-status/areas/KbuCBLACKv74KmiBqE51z6,SEAT,200,0,318,"{""begin"":""2026-10-03 09:30"",""end"":""2026-10-03""}",,"{""code"":0,""data"":{""id"":""KbuCBLACKv74KmiBqE51z6"",""name"":""B"",""path"":[{""id"":""4N9ynVts4eU8toDS7qP6qk"",""name"":""智能信息中心智慧共享空间""},{""id"":""KbuCBLACKv74KmiBqE51z6"",""name"":""B""}],""totalResourceCount"":18,""bookedResourceCount"":0,""bookableResourceCount"":18,""bookingDays"":[""2026-10-03"",""2026-10-04"",""2026-10-05"",""2026-10-06"",""2026-10-07"",""2026-10-08"",""2026-10-09"",""2026-10-10"",""2026-10-11"",""2026-10-12"",""2026-10-13"",""2026-10-14"",""2026-10-15"",""2026-10-16"",""2026-10-17"",""2026-10-18"",""2026-10-19"",""2026-10-20"",""2026-10-21"",""2026-10-22"",""2026-10-23"",""2026-10-24"",""2026-10-25"",""2026-10-26"",""2026-10-27"",""2026-10-28"",""2026-10-29"",""2026-10-30"",""2026-10-31"",""2026-11-01""],""bookingTimes"":{""timeBlockType"":""FIXED_BLOCK"",""supportAcrossDayBooking"":false,""suggestStartTime"":""09:30"",""suggestEndTime"":""10:30"",""startHour"":9,""endHour"":18,""morningEndHour"":12,""afternoonStartHour"":12,""maxDuration"":480,""configMaxDuration"":480,""meetingInterval"":15,""bookingLimitDays"":365,""needCheckin"":true,""disablePersonConflict"":false,""enableFixedBooking"":false,""enableAgentBooking"":true}}}",延长智能中心预约.har#28
延长智能中心,延长智能中心预约.har,27,2026-10-03T00:34:00.964+08:00,2026-10-02T16:34:00.964Z,GET,/api/v3/booking-status/areas/{areaId},/api/v3/booking-status/areas/KbuCBLACKv74KmiBqE51z6,SEAT,200,0,314,"{""begin"":""2026-10-03 09:30"",""end"":""2026-10-03 10:30""}",,"{""code"":0,""data"":{""id"":""KbuCBLACKv74KmiBqE51z6"",""name"":""B"",""path"":[{""id"":""4N9ynVts4eU8toDS7qP6qk"",""name"":""智能信息中心智慧共享空间""},{""id"":""KbuCBLACKv74KmiBqE51z6"",""name"":""B""}],""totalResourceCount"":18,""bookedResourceCount"":0,""bookableResourceCount"":18,""bookingDays"":[""2026-10-03"",""2026-10-04"",""2026-10-05"",""2026-10-06"",""2026-10-07"",""2026-10-08"",""2026-10-09"",""2026-10-10"",""2026-10-11"",""2026-10-12"",""2026-10-13"",""2026-10-14"",""2026-10-15"",""2026-10-16"",""2026-10-17"",""2026-10-18"",""2026-10-19"",""2026-10-20"",""2026-10-21"",""2026-10-22"",""2026-10-23"",""2026-10-24"",""2026-10-25"",""2026-10-26"",""2026-10-27"",""2026-10-28"",""2026-10-29"",""2026-10-30"",""2026-10-31"",""2026-11-01""],""bookingTimes"":{""timeBlockType"":""FIXED_BLOCK"",""supportAcrossDayBooking"":false,""suggestStartTime"":""09:30"",""suggestEndTime"":""10:30"",""startHour"":9,""endHour"":18,""morningEndHour"":12,""afternoonStartHour"":12,""maxDuration"":480,""configMaxDuration"":480,""meetingInterval"":15,""bookingLimitDays"":365,""needCheckin"":true,""disablePersonConflict"":false,""enableFixedBooking"":false,""enableAgentBooking"":true}}}",延长智能中心预约.har#27
延长智能中心,延长智能中心预约.har,26,2026-10-03T00:34:06.351+08:00,2026-10-02T16:34:06.351Z,POST,/api/v3/bookings,/api/v3/bookings,SEAT,200,0,1379,{},"{""rooms"":[{""id"":""FLiAcmbCuHCEkRu5SH1rhX"",""name"":""11-3"",""officeAreaId"":""KbuCBLACKv74KmiBqE51z6"",""disabled"":false,""showOrder"":32,""isBusy"":false,""isBooked"":false,""abilities"":[""booking""]}],""times"":[{""startDate"":""2026-10-03"",""startTime"":""09:30"",""endDate"":""2026-10-03"",""endTime"":""10:30""}],""subject"":""<profile.data.name>"",""meetingMembers"":[""<profile.data.id>""]}","{""code"":0,""noticeMessage"":""创建预订成功"",""data"":[{""id"":""BOOKING_SEAT"",""subject"":""<profile.data.name>"",""templateType"":"""",""beforeNotify"":false,""abilities"":[]}]}",延长智能中心预约.har#26
延长智能中心,延长智能中心预约.har,23,2026-10-03T00:34:07.746+08:00,2026-10-02T16:34:07.746Z,GET,/api/v3/booking-status/overview,/api/v3/booking-status/overview,SEAT,200,0,148,"{""day"":""2026-10-03""}",,"{""code"":0,""data"":{""currentOfficeArea"":{""id"":""all"",""name"":""所有区域"",""shortName"":""所有区域"",""supportRoomTypes"":[""ROOM""],""abilities"":[]},""bookingDays_count"":30,""bookingTimes"":{""timeBlockType"":""FIXED_BLOCK"",""startHour"":9,""endHour"":18,""morningEndHour"":12,""afternoonStartHour"":12,""maxDuration"":480,""configMaxDuration"":480,""meetingInterval"":15,""bookingLimitDays"":365,""needCheckin"":true,""disablePersonConflict"":false,""enableFixedBooking"":false,""enableAgentBooking"":true}}}",延长智能中心预约.har#23
延长智能中心,延长智能中心预约.har,25,2026-10-03T00:34:07.746+08:00,2026-10-02T16:34:07.746Z,GET,/api/v3/my/bookings/recent,/api/v3/my/bookings/recent,SEAT,200,0,1009,{},,"{""code"":0,""data"":[{""id"":""BOOKING_SEAT"",""roomId"":""FLiAcmbCuHCEkRu5SH1rhX"",""roomName"":""11-3"",""officeAreaId"":""KbuCBLACKv74KmiBqE51z6"",""officeAreaName"":""B"",""roomType"":""SEAT"",""beginTime"":""2026-10-03 09:30:00"",""endTime"":""2026-10-03 10:30:00"",""duration"":60,""status"":""OPEN"",""statusLabel"":""正常"",""needCheckin"":true,""checkedStatus"":""N"",""abilities"":[""cancel"",""edit"",""edit-member"",""set-not-public"",""waitOpen""]}]}",延长智能中心预约.har#25
延长智能中心,延长智能中心预约.har,20,2026-10-03T00:34:07.898+08:00,2026-10-02T16:34:07.898Z,GET,/api/v3/booking-status/areas/{areaId},/api/v3/booking-status/areas/KbuCBLACKv74KmiBqE51z6,SEAT,200,0,298,"{""begin"":""2026-10-03 09:30"",""end"":""2026-10-03 10:30""}",,"{""code"":0,""data"":{""id"":""KbuCBLACKv74KmiBqE51z6"",""name"":""B"",""path"":[{""id"":""4N9ynVts4eU8toDS7qP6qk"",""name"":""智能信息中心智慧共享空间""},{""id"":""KbuCBLACKv74KmiBqE51z6"",""name"":""B""}],""totalResourceCount"":18,""bookedResourceCount"":1,""bookableResourceCount"":18,""bookingDays"":[""2026-10-03"",""2026-10-04"",""2026-10-05"",""2026-10-06"",""2026-10-07"",""2026-10-08"",""2026-10-09"",""2026-10-10"",""2026-10-11"",""2026-10-12"",""2026-10-13"",""2026-10-14"",""2026-10-15"",""2026-10-16"",""2026-10-17"",""2026-10-18"",""2026-10-19"",""2026-10-20"",""2026-10-21"",""2026-10-22"",""2026-10-23"",""2026-10-24"",""2026-10-25"",""2026-10-26"",""2026-10-27"",""2026-10-28"",""2026-10-29"",""2026-10-30"",""2026-10-31"",""2026-11-01""],""bookingTimes"":{""timeBlockType"":""FIXED_BLOCK"",""supportAcrossDayBooking"":false,""suggestStartTime"":""09:30"",""suggestEndTime"":""10:30"",""startHour"":9,""endHour"":18,""morningEndHour"":12,""afternoonStartHour"":12,""maxDuration"":480,""configMaxDuration"":480,""meetingInterval"":15,""bookingLimitDays"":365,""needCheckin"":true,""disablePersonConflict"":false,""enableFixedBooking"":false,""enableAgentBooking"":true}}}",延长智能中心预约.har#20
延长智能中心,延长智能中心预约.har,18,2026-10-03T00:34:08.202+08:00,2026-10-02T16:34:08.202Z,GET,/api/v3/bookings/{bookingId},/api/v3/bookings/BOOKING_SEAT,SEAT,200,0,1534,{},,"{""code"":0,""data"":{""id"":""BOOKING_SEAT"",""success"":true,""beginTime"":""2026-10-03 09:30:00"",""endTime"":""2026-10-03 10:30:00"",""duration"":60,""roomId"":""FLiAcmbCuHCEkRu5SH1rhX"",""roomName"":""11-3"",""officeAreaId"":""KbuCBLACKv74KmiBqE51z6"",""officeAreaName"":""B"",""roomType"":""SEAT"",""status"":""OPEN"",""statusLabel"":""正常"",""needCheckin"":true,""joinStatus"":""Y"",""checkinStatus"":""N"",""checkedStatus"":""N"",""abilities"":[""cancel"",""comment"",""edit"",""edit-member"",""set-not-public"",""share"",""view"",""waitOpen""],""nowAvailableDelayMinutes"":535,""qrCodeUrl"":""/api/room/qrcode/meeting/{bookingId}.png?ts={ts}"",""qrCodeValue"":""/m/b/{bookingId}/c/{checkinToken}?corpAppId={corpAppId}""}}",延长智能中心预约.har#18
延长智能中心,延长智能中心预约.har,3,2026-10-03T00:34:25.456+08:00,2026-10-02T16:34:25.456Z,DELETE,/api/v3/bookings/{bookingId}/cancel,/api/v3/bookings/BOOKING_SEAT/cancel,SEAT,200,0,1219,{},,"{""code"":0,""noticeMessage"":""取消预订成功"",""data"":{""success"":true,""templateType"":"""",""beforeNotify"":false,""abilities"":[]}}",延长智能中心预约.har#3
延长智能中心,延长智能中心预约.har,2,2026-10-03T00:34:26.686+08:00,2026-10-02T16:34:26.686Z,GET,/api/v3/my/bookings/recent,/api/v3/my/bookings/recent,SEAT,200,0,149,{},,"{""code"":0,""data"":[{""id"":""BOOKING_SEAT"",""roomId"":""FLiAcmbCuHCEkRu5SH1rhX"",""roomName"":""11-3"",""officeAreaId"":""KbuCBLACKv74KmiBqE51z6"",""officeAreaName"":""B"",""roomType"":""SEAT"",""beginTime"":""2026-10-03 09:30:00"",""endTime"":""2026-10-03 10:30:00"",""duration"":60,""status"":""CANCEL"",""statusLabel"":""已取消"",""needCheckin"":true,""checkedStatus"":""N"",""abilities"":[]}]}",延长智能中心预约.har#2
科学与艺术中心,科学与艺术中心预约.har,62,2026-10-03T00:35:07.011+08:00,2026-10-02T16:35:07.011Z,GET,/api/v3/my/profile,/api/v3/my/profile,CS_SEAT,200,0,216,{},,"{""code"":0,""data"":{""isAnonymous"":false,""disableBooking"":false,""isAdmin"":false,""id"":""<profile.data.id>"",""name"":""<profile.data.name>"",""mobile"":""<redacted>""}}",科学与艺术中心预约.har#62
科学与艺术中心,科学与艺术中心预约.har,60,2026-10-03T00:35:07.230+08:00,2026-10-02T16:35:07.230Z,GET,/api/v3/my/bookings/recent,/api/v3/my/bookings/recent,CS_SEAT,200,0,167,{},,"{""code"":0,""data"":[]}",科学与艺术中心预约.har#60
科学与艺术中心,科学与艺术中心预约.har,51,2026-10-03T00:35:10.300+08:00,2026-10-02T16:35:10.300Z,GET,/api/v3/booking-status/overview,/api/v3/booking-status/overview,CS_SEAT,200,0,161,"{""day"":""2026-10-03""}",,"{""code"":0,""data"":{""currentOfficeArea"":{""id"":""all"",""name"":""所有区域"",""shortName"":""所有区域"",""supportRoomTypes"":[""ROOM""],""abilities"":[]},""bookingDays_count"":30,""bookingTimes"":{""timeBlockType"":""FIXED_BLOCK"",""startHour"":9,""endHour"":18,""morningEndHour"":12,""afternoonStartHour"":12,""maxDuration"":480,""configMaxDuration"":480,""meetingInterval"":15,""bookingLimitDays"":365,""needCheckin"":true,""disablePersonConflict"":false,""enableFixedBooking"":false,""enableAgentBooking"":true}}}",科学与艺术中心预约.har#51
科学与艺术中心,科学与艺术中心预约.har,61,2026-10-03T00:35:10.336+08:00,2026-10-02T16:35:10.336Z,GET,/api/v3/booking-status/areas,/api/v3/booking-status/areas,CS_SEAT,200,0,431,"{""begin"":""2026-10-03"",""end"":""2026-10-03""}",,"{""code"":0,""data"":[{""id"":""WtgvL1bEPyVVjtdHDVtH4i"",""name"":""科学与艺术中心"",""level"":""FLOOR"",""supportRoomTypes"":[""CS_SEAT""]},{""id"":""VQyeEokNwJnq7h8sVwmnfg"",""name"":""学生共享创作中心A"",""level"":""FLOOR"",""parentId"":""WtgvL1bEPyVVjtdHDVtH4i"",""parentName"":""科学与艺术中心"",""supportRoomTypes"":[""CS_SEAT""]},{""id"":""SJHRB6yt6K4dWp5NVtrdmA"",""name"":""学生共享创作中心B"",""level"":""FLOOR"",""parentId"":""WtgvL1bEPyVVjtdHDVtH4i"",""parentName"":""科学与艺术中心"",""supportRoomTypes"":[""CS_SEAT""]},{""id"":""HEd61xB2ReQx5E2BkFXtKU"",""name"":""超高清技术与艺术创作空间"",""level"":""FLOOR"",""parentId"":""WtgvL1bEPyVVjtdHDVtH4i"",""parentName"":""科学与艺术中心"",""supportRoomTypes"":[""CS_SEAT""]},{""id"":""Q6bR3uutP8ttFMQESk6CyB"",""name"":""超高清视景制作共享空间"",""level"":""FLOOR"",""parentId"":""WtgvL1bEPyVVjtdHDVtH4i"",""parentName"":""科学与艺术中心"",""supportRoomTypes"":[""CS_SEAT""]}]}",科学与艺术中心预约.har#61
科学与艺术中心,科学与艺术中心预约.har,46,2026-10-03T00:35:11.799+08:00,2026-10-02T16:35:11.799Z,GET,/api/v3/booking-status/areas,/api/v3/booking-status/areas,CS_SEAT,200,0,399,"{""begin"":""2026-10-04"",""end"":""2026-10-04""}",,"{""code"":0,""data"":[{""id"":""WtgvL1bEPyVVjtdHDVtH4i"",""name"":""科学与艺术中心"",""level"":""FLOOR"",""supportRoomTypes"":[""CS_SEAT""]},{""id"":""VQyeEokNwJnq7h8sVwmnfg"",""name"":""学生共享创作中心A"",""level"":""FLOOR"",""parentId"":""WtgvL1bEPyVVjtdHDVtH4i"",""parentName"":""科学与艺术中心"",""supportRoomTypes"":[""CS_SEAT""]},{""id"":""SJHRB6yt6K4dWp5NVtrdmA"",""name"":""学生共享创作中心B"",""level"":""FLOOR"",""parentId"":""WtgvL1bEPyVVjtdHDVtH4i"",""parentName"":""科学与艺术中心"",""supportRoomTypes"":[""CS_SEAT""]},{""id"":""HEd61xB2ReQx5E2BkFXtKU"",""name"":""超高清技术与艺术创作空间"",""level"":""FLOOR"",""parentId"":""WtgvL1bEPyVVjtdHDVtH4i"",""parentName"":""科学与艺术中心"",""supportRoomTypes"":[""CS_SEAT""]},{""id"":""Q6bR3uutP8ttFMQESk6CyB"",""name"":""超高清视景制作共享空间"",""level"":""FLOOR"",""parentId"":""WtgvL1bEPyVVjtdHDVtH4i"",""parentName"":""科学与艺术中心"",""supportRoomTypes"":[""CS_SEAT""]}]}",科学与艺术中心预约.har#46
科学与艺术中心,科学与艺术中心预约.har,47,2026-10-03T00:35:11.799+08:00,2026-10-02T16:35:11.799Z,GET,/api/v3/booking-status/overview,/api/v3/booking-status/overview,CS_SEAT,200,0,217,"{""day"":""2026-10-04""}",,"{""code"":0,""data"":{""currentOfficeArea"":{""id"":""all"",""name"":""所有区域"",""shortName"":""所有区域"",""supportRoomTypes"":[""ROOM""],""abilities"":[]},""bookingDays_count"":30,""bookingTimes"":{""timeBlockType"":""FIXED_BLOCK"",""startHour"":9,""endHour"":18,""morningEndHour"":12,""afternoonStartHour"":12,""maxDuration"":480,""configMaxDuration"":480,""meetingInterval"":15,""bookingLimitDays"":365,""needCheckin"":true,""disablePersonConflict"":false,""enableFixedBooking"":false,""enableAgentBooking"":true}}}",科学与艺术中心预约.har#47
科学与艺术中心,科学与艺术中心预约.har,41,2026-10-03T00:35:12.542+08:00,2026-10-02T16:35:12.542Z,GET,/api/v3/booking-status/areas,/api/v3/booking-status/areas,CS_SEAT,200,0,316,"{""begin"":""2026-10-05"",""end"":""2026-10-05""}",,"{""code"":0,""data"":[{""id"":""WtgvL1bEPyVVjtdHDVtH4i"",""name"":""科学与艺术中心"",""level"":""FLOOR"",""supportRoomTypes"":[""CS_SEAT""]},{""id"":""VQyeEokNwJnq7h8sVwmnfg"",""name"":""学生共享创作中心A"",""level"":""FLOOR"",""parentId"":""WtgvL1bEPyVVjtdHDVtH4i"",""parentName"":""科学与艺术中心"",""supportRoomTypes"":[""CS_SEAT""]},{""id"":""SJHRB6yt6K4dWp5NVtrdmA"",""name"":""学生共享创作中心B"",""level"":""FLOOR"",""parentId"":""WtgvL1bEPyVVjtdHDVtH4i"",""parentName"":""科学与艺术中心"",""supportRoomTypes"":[""CS_SEAT""]},{""id"":""HEd61xB2ReQx5E2BkFXtKU"",""name"":""超高清技术与艺术创作空间"",""level"":""FLOOR"",""parentId"":""WtgvL1bEPyVVjtdHDVtH4i"",""parentName"":""科学与艺术中心"",""supportRoomTypes"":[""CS_SEAT""]},{""id"":""Q6bR3uutP8ttFMQESk6CyB"",""name"":""超高清视景制作共享空间"",""level"":""FLOOR"",""parentId"":""WtgvL1bEPyVVjtdHDVtH4i"",""parentName"":""科学与艺术中心"",""supportRoomTypes"":[""CS_SEAT""]}]}",科学与艺术中心预约.har#41
科学与艺术中心,科学与艺术中心预约.har,42,2026-10-03T00:35:12.542+08:00,2026-10-02T16:35:12.542Z,GET,/api/v3/booking-status/overview,/api/v3/booking-status/overview,CS_SEAT,200,0,173,"{""day"":""2026-10-05""}",,"{""code"":0,""data"":{""currentOfficeArea"":{""id"":""all"",""name"":""所有区域"",""shortName"":""所有区域"",""supportRoomTypes"":[""ROOM""],""abilities"":[]},""bookingDays_count"":30,""bookingTimes"":{""timeBlockType"":""FIXED_BLOCK"",""startHour"":9,""endHour"":18,""morningEndHour"":12,""afternoonStartHour"":12,""maxDuration"":480,""configMaxDuration"":480,""meetingInterval"":15,""bookingLimitDays"":365,""needCheckin"":true,""disablePersonConflict"":false,""enableFixedBooking"":false,""enableAgentBooking"":true}}}",科学与艺术中心预约.har#42
科学与艺术中心,科学与艺术中心预约.har,38,2026-10-03T00:35:14.202+08:00,2026-10-02T16:35:14.202Z,GET,/api/v3/booking-status/areas/{areaId},/api/v3/booking-status/areas/VQyeEokNwJnq7h8sVwmnfg,CS_SEAT,200,0,806,"{""begin"":""2026-10-03"",""end"":""2026-10-03""}",,"{""code"":0,""data"":{""id"":""VQyeEokNwJnq7h8sVwmnfg"",""name"":""学生共享创作中心A"",""path"":[{""id"":""WtgvL1bEPyVVjtdHDVtH4i"",""name"":""科学与艺术中心""},{""id"":""VQyeEokNwJnq7h8sVwmnfg"",""name"":""学生共享创作中心A""}],""totalResourceCount"":60,""bookedResourceCount"":0,""busyResourceCount"":0,""freeResourceCount"":60,""bookableResourceCount"":60,""bookingDays"":[""2026-10-03"",""2026-10-04"",""2026-10-05"",""2026-10-06"",""2026-10-07"",""2026-10-08"",""2026-10-09"",""2026-10-10"",""2026-10-11"",""2026-10-12"",""2026-10-13"",""2026-10-14"",""2026-10-15"",""2026-10-16"",""2026-10-17"",""2026-10-18"",""2026-10-19"",""2026-10-20"",""2026-10-21"",""2026-10-22"",""2026-10-23"",""2026-10-24"",""2026-10-25"",""2026-10-26"",""2026-10-27"",""2026-10-28"",""2026-10-29"",""2026-10-30"",""2026-10-31"",""2026-11-01""],""bookingTimes"":{""timeBlockType"":""FIXED_BLOCK"",""supportAcrossDayBooking"":false,""suggestStartTime"":""08:30"",""suggestEndTime"":""09:30"",""startHour"":8,""endHour"":22,""morningEndHour"":12,""afternoonStartHour"":12,""maxDuration"":480,""configMaxDuration"":480,""meetingInterval"":60,""bookingLimitDays"":30,""needCheckin"":true,""disablePersonConflict"":false,""enableFixedBooking"":false,""enableAgentBooking"":true}}}",科学与艺术中心预约.har#38
科学与艺术中心,科学与艺术中心预约.har,36,2026-10-03T00:35:17.906+08:00,2026-10-02T16:35:17.906Z,GET,/api/v3/booking-status/areas/{areaId},/api/v3/booking-status/areas/VQyeEokNwJnq7h8sVwmnfg,CS_SEAT,200,0,438,"{""begin"":""2026-10-03 09:00"",""end"":""2026-10-03""}",,"{""code"":0,""data"":{""id"":""VQyeEokNwJnq7h8sVwmnfg"",""name"":""学生共享创作中心A"",""path"":[{""id"":""WtgvL1bEPyVVjtdHDVtH4i"",""name"":""科学与艺术中心""},{""id"":""VQyeEokNwJnq7h8sVwmnfg"",""name"":""学生共享创作中心A""}],""totalResourceCount"":60,""bookedResourceCount"":0,""bookableResourceCount"":60,""bookingDays"":[""2026-10-03"",""2026-10-04"",""2026-10-05"",""2026-10-06"",""2026-10-07"",""2026-10-08"",""2026-10-09"",""2026-10-10"",""2026-10-11"",""2026-10-12"",""2026-10-13"",""2026-10-14"",""2026-10-15"",""2026-10-16"",""2026-10-17"",""2026-10-18"",""2026-10-19"",""2026-10-20"",""2026-10-21"",""2026-10-22"",""2026-10-23"",""2026-10-24"",""2026-10-25"",""2026-10-26"",""2026-10-27"",""2026-10-28"",""2026-10-29"",""2026-10-30"",""2026-10-31"",""2026-11-01""],""bookingTimes"":{""timeBlockType"":""FIXED_BLOCK"",""supportAcrossDayBooking"":false,""suggestStartTime"":""08:30"",""suggestEndTime"":""09:30"",""startHour"":8,""endHour"":22,""morningEndHour"":12,""afternoonStartHour"":12,""maxDuration"":480,""configMaxDuration"":480,""meetingInterval"":60,""bookingLimitDays"":30,""needCheckin"":true,""disablePersonConflict"":false,""enableFixedBooking"":false,""enableAgentBooking"":true}}}",科学与艺术中心预约.har#36
科学与艺术中心,科学与艺术中心预约.har,35,2026-10-03T00:35:17.910+08:00,2026-10-02T16:35:17.910Z,GET,/api/v3/booking-status/areas/{areaId},/api/v3/booking-status/areas/VQyeEokNwJnq7h8sVwmnfg,CS_SEAT,200,0,435,"{""begin"":""2026-10-03 09:00"",""end"":""2026-10-03 18:00""}",,"{""code"":0,""data"":{""id"":""VQyeEokNwJnq7h8sVwmnfg"",""name"":""学生共享创作中心A"",""path"":[{""id"":""WtgvL1bEPyVVjtdHDVtH4i"",""name"":""科学与艺术中心""},{""id"":""VQyeEokNwJnq7h8sVwmnfg"",""name"":""学生共享创作中心A""}],""totalResourceCount"":60,""bookedResourceCount"":0,""bookableResourceCount"":60,""bookingDays"":[""2026-10-03"",""2026-10-04"",""2026-10-05"",""2026-10-06"",""2026-10-07"",""2026-10-08"",""2026-10-09"",""2026-10-10"",""2026-10-11"",""2026-10-12"",""2026-10-13"",""2026-10-14"",""2026-10-15"",""2026-10-16"",""2026-10-17"",""2026-10-18"",""2026-10-19"",""2026-10-20"",""2026-10-21"",""2026-10-22"",""2026-10-23"",""2026-10-24"",""2026-10-25"",""2026-10-26"",""2026-10-27"",""2026-10-28"",""2026-10-29"",""2026-10-30"",""2026-10-31"",""2026-11-01""],""bookingTimes"":{""timeBlockType"":""FIXED_BLOCK"",""supportAcrossDayBooking"":false,""suggestStartTime"":""09:00"",""suggestEndTime"":""18:00"",""startHour"":8,""endHour"":22,""morningEndHour"":12,""afternoonStartHour"":12,""maxDuration"":480,""configMaxDuration"":480,""meetingInterval"":60,""bookingLimitDays"":30,""needCheckin"":true,""disablePersonConflict"":false,""enableFixedBooking"":false,""enableAgentBooking"":true}}}",科学与艺术中心预约.har#35
科学与艺术中心,科学与艺术中心预约.har,34,2026-10-03T00:35:20.934+08:00,2026-10-02T16:35:20.934Z,POST,/api/v3/bookings,/api/v3/bookings,CS_SEAT,200,200,1139,{},"{""rooms"":[{""id"":""GUGup2FGNBfEWNB9JvKShc"",""name"":""A-10"",""officeAreaId"":""VQyeEokNwJnq7h8sVwmnfg"",""disabled"":false,""showOrder"":11,""isBusy"":false,""isBooked"":false,""abilities"":[""booking""]}],""times"":[{""startDate"":""2026-10-03"",""startTime"":""09:00"",""endDate"":""2026-10-03"",""endTime"":""18:00""}],""subject"":""<profile.data.name>"",""meetingMembers"":[""<profile.data.id>""]}","{""code"":200,""warnMessage"":""不能预订超过8小时的meetingtype.cs_seat""}",科学与艺术中心预约.har#34
科学与艺术中心,科学与艺术中心预约.har,33,2026-10-03T00:35:22.084+08:00,2026-10-02T16:35:22.084Z,GET,/api/v3/my/bookings/recent,/api/v3/my/bookings/recent,CS_SEAT,200,0,152,{},,"{""code"":0,""data"":[]}",科学与艺术中心预约.har#33
科学与艺术中心,科学与艺术中心预约.har,31,2026-10-03T00:35:22.088+08:00,2026-10-02T16:35:22.088Z,GET,/api/v3/booking-status/areas/{areaId},/api/v3/booking-status/areas/VQyeEokNwJnq7h8sVwmnfg,CS_SEAT,200,0,353,"{""begin"":""2026-10-03 09:00"",""end"":""2026-10-03 18:00""}",,"{""code"":0,""data"":{""id"":""VQyeEokNwJnq7h8sVwmnfg"",""name"":""学生共享创作中心A"",""path"":[{""id"":""WtgvL1bEPyVVjtdHDVtH4i"",""name"":""科学与艺术中心""},{""id"":""VQyeEokNwJnq7h8sVwmnfg"",""name"":""学生共享创作中心A""}],""totalResourceCount"":60,""bookedResourceCount"":0,""bookableResourceCount"":60,""bookingDays"":[""2026-10-03"",""2026-10-04"",""2026-10-05"",""2026-10-06"",""2026-10-07"",""2026-10-08"",""2026-10-09"",""2026-10-10"",""2026-10-11"",""2026-10-12"",""2026-10-13"",""2026-10-14"",""2026-10-15"",""2026-10-16"",""2026-10-17"",""2026-10-18"",""2026-10-19"",""2026-10-20"",""2026-10-21"",""2026-10-22"",""2026-10-23"",""2026-10-24"",""2026-10-25"",""2026-10-26"",""2026-10-27"",""2026-10-28"",""2026-10-29"",""2026-10-30"",""2026-10-31"",""2026-11-01""],""bookingTimes"":{""timeBlockType"":""FIXED_BLOCK"",""supportAcrossDayBooking"":false,""suggestStartTime"":""09:00"",""suggestEndTime"":""18:00"",""startHour"":8,""endHour"":22,""morningEndHour"":12,""afternoonStartHour"":12,""maxDuration"":480,""configMaxDuration"":480,""meetingInterval"":60,""bookingLimitDays"":30,""needCheckin"":true,""disablePersonConflict"":false,""enableFixedBooking"":false,""enableAgentBooking"":true}}}",科学与艺术中心预约.har#31
科学与艺术中心,科学与艺术中心预约.har,30,2026-10-03T00:35:22.240+08:00,2026-10-02T16:35:22.240Z,GET,/api/v3/booking-status/overview,/api/v3/booking-status/overview,CS_SEAT,200,0,202,"{""day"":""2026-10-03""}",,"{""code"":0,""data"":{""currentOfficeArea"":{""id"":""all"",""name"":""所有区域"",""shortName"":""所有区域"",""supportRoomTypes"":[""ROOM""],""abilities"":[]},""bookingDays_count"":30,""bookingTimes"":{""timeBlockType"":""FIXED_BLOCK"",""startHour"":9,""endHour"":18,""morningEndHour"":12,""afternoonStartHour"":12,""maxDuration"":480,""configMaxDuration"":480,""meetingInterval"":15,""bookingLimitDays"":365,""needCheckin"":true,""disablePersonConflict"":false,""enableFixedBooking"":false,""enableAgentBooking"":true}}}",科学与艺术中心预约.har#30
科学与艺术中心,科学与艺术中心预约.har,29,2026-10-03T00:35:27.759+08:00,2026-10-02T16:35:27.759Z,GET,/api/v3/booking-status/areas/{areaId},/api/v3/booking-status/areas/VQyeEokNwJnq7h8sVwmnfg,CS_SEAT,200,0,460,"{""begin"":""2026-10-03 09:00"",""end"":""2026-10-03 14:00""}",,"{""code"":0,""data"":{""id"":""VQyeEokNwJnq7h8sVwmnfg"",""name"":""学生共享创作中心A"",""path"":[{""id"":""WtgvL1bEPyVVjtdHDVtH4i"",""name"":""科学与艺术中心""},{""id"":""VQyeEokNwJnq7h8sVwmnfg"",""name"":""学生共享创作中心A""}],""totalResourceCount"":60,""bookedResourceCount"":0,""bookableResourceCount"":60,""bookingDays"":[""2026-10-03"",""2026-10-04"",""2026-10-05"",""2026-10-06"",""2026-10-07"",""2026-10-08"",""2026-10-09"",""2026-10-10"",""2026-10-11"",""2026-10-12"",""2026-10-13"",""2026-10-14"",""2026-10-15"",""2026-10-16"",""2026-10-17"",""2026-10-18"",""2026-10-19"",""2026-10-20"",""2026-10-21"",""2026-10-22"",""2026-10-23"",""2026-10-24"",""2026-10-25"",""2026-10-26"",""2026-10-27"",""2026-10-28"",""2026-10-29"",""2026-10-30"",""2026-10-31"",""2026-11-01""],""bookingTimes"":{""timeBlockType"":""FIXED_BLOCK"",""supportAcrossDayBooking"":false,""suggestStartTime"":""09:00"",""suggestEndTime"":""14:00"",""startHour"":8,""endHour"":22,""morningEndHour"":12,""afternoonStartHour"":12,""maxDuration"":480,""configMaxDuration"":480,""meetingInterval"":60,""bookingLimitDays"":30,""needCheckin"":true,""disablePersonConflict"":false,""enableFixedBooking"":false,""enableAgentBooking"":true}}}",科学与艺术中心预约.har#29
科学与艺术中心,科学与艺术中心预约.har,28,2026-10-03T00:35:29.615+08:00,2026-10-02T16:35:29.615Z,POST,/api/v3/bookings,/api/v3/bookings,CS_SEAT,200,200,240,{},"{""rooms"":[{""id"":""231cxrC5GkMbktHQ7r47hU"",""name"":""A-21"",""officeAreaId"":""VQyeEokNwJnq7h8sVwmnfg"",""disabled"":false,""showOrder"":22,""isBusy"":false,""isBooked"":false,""abilities"":[""booking""]}],""times"":[{""startDate"":""2026-10-03"",""startTime"":""09:00"",""endDate"":""2026-10-03"",""endTime"":""14:00""}],""subject"":""<profile.data.name>"",""meetingMembers"":[""<profile.data.id>""]}","{""code"":200,""warnMessage"":""同一用户10秒只能提交一次"",""message"":""同一用户10秒只能提交一次""}",科学与艺术中心预约.har#28
科学与艺术中心,科学与艺术中心预约.har,26,2026-10-03T00:35:29.867+08:00,2026-10-02T16:35:29.867Z,GET,/api/v3/booking-status/areas/{areaId},/api/v3/booking-status/areas/VQyeEokNwJnq7h8sVwmnfg,CS_SEAT,200,0,396,"{""begin"":""2026-10-03 09:00"",""end"":""2026-10-03 14:00""}",,"{""code"":0,""data"":{""id"":""VQyeEokNwJnq7h8sVwmnfg"",""name"":""学生共享创作中心A"",""path"":[{""id"":""WtgvL1bEPyVVjtdHDVtH4i"",""name"":""科学与艺术中心""},{""id"":""VQyeEokNwJnq7h8sVwmnfg"",""name"":""学生共享创作中心A""}],""totalResourceCount"":60,""bookedResourceCount"":0,""bookableResourceCount"":60,""bookingDays"":[""2026-10-03"",""2026-10-04"",""2026-10-05"",""2026-10-06"",""2026-10-07"",""2026-10-08"",""2026-10-09"",""2026-10-10"",""2026-10-11"",""2026-10-12"",""2026-10-13"",""2026-10-14"",""2026-10-15"",""2026-10-16"",""2026-10-17"",""2026-10-18"",""2026-10-19"",""2026-10-20"",""2026-10-21"",""2026-10-22"",""2026-10-23"",""2026-10-24"",""2026-10-25"",""2026-10-26"",""2026-10-27"",""2026-10-28"",""2026-10-29"",""2026-10-30"",""2026-10-31"",""2026-11-01""],""bookingTimes"":{""timeBlockType"":""FIXED_BLOCK"",""supportAcrossDayBooking"":false,""suggestStartTime"":""09:00"",""suggestEndTime"":""14:00"",""startHour"":8,""endHour"":22,""morningEndHour"":12,""afternoonStartHour"":12,""maxDuration"":480,""configMaxDuration"":480,""meetingInterval"":60,""bookingLimitDays"":30,""needCheckin"":true,""disablePersonConflict"":false,""enableFixedBooking"":false,""enableAgentBooking"":true}}}",科学与艺术中心预约.har#26
科学与艺术中心,科学与艺术中心预约.har,27,2026-10-03T00:35:29.867+08:00,2026-10-02T16:35:29.867Z,GET,/api/v3/my/bookings/recent,/api/v3/my/bookings/recent,CS_SEAT,200,0,147,{},,"{""code"":0,""data"":[]}",科学与艺术中心预约.har#27
科学与艺术中心,科学与艺术中心预约.har,32,2026-10-03T00:35:29.904+08:00,2026-10-02T16:35:29.904Z,GET,/api/v3/booking-status/overview,/api/v3/booking-status/overview,CS_SEAT,200,0,257,"{""day"":""2026-10-03""}",,"{""code"":0,""data"":{""currentOfficeArea"":{""id"":""all"",""name"":""所有区域"",""shortName"":""所有区域"",""supportRoomTypes"":[""ROOM""],""abilities"":[]},""bookingDays_count"":30,""bookingTimes"":{""timeBlockType"":""FIXED_BLOCK"",""startHour"":9,""endHour"":18,""morningEndHour"":12,""afternoonStartHour"":12,""maxDuration"":480,""configMaxDuration"":480,""meetingInterval"":15,""bookingLimitDays"":365,""needCheckin"":true,""disablePersonConflict"":false,""enableFixedBooking"":false,""enableAgentBooking"":true}}}",科学与艺术中心预约.har#32
科学与艺术中心,科学与艺术中心预约.har,25,2026-10-03T00:35:44.954+08:00,2026-10-02T16:35:44.954Z,POST,/api/v3/bookings,/api/v3/bookings,CS_SEAT,200,0,1288,{},"{""rooms"":[{""id"":""ECsWTCtuEoMSq9DqD8ZAPV"",""name"":""A-27"",""officeAreaId"":""VQyeEokNwJnq7h8sVwmnfg"",""disabled"":false,""showOrder"":28,""isBusy"":false,""isBooked"":false,""abilities"":[""booking""]}],""times"":[{""startDate"":""2026-10-03"",""startTime"":""09:00"",""endDate"":""2026-10-03"",""endTime"":""14:00""}],""subject"":""<profile.data.name>"",""meetingMembers"":[""<profile.data.id>""]}","{""code"":0,""noticeMessage"":""创建meetingType.CS_SEAT成功"",""data"":[{""id"":""BOOKING_CS"",""subject"":""<profile.data.name>"",""templateType"":"""",""beforeNotify"":false,""abilities"":[]}]}",科学与艺术中心预约.har#25
科学与艺术中心,科学与艺术中心预约.har,22,2026-10-03T00:35:46.254+08:00,2026-10-02T16:35:46.254Z,GET,/api/v3/booking-status/areas/{areaId},/api/v3/booking-status/areas/VQyeEokNwJnq7h8sVwmnfg,CS_SEAT,200,0,458,"{""begin"":""2026-10-03 09:00"",""end"":""2026-10-03 14:00""}",,"{""code"":0,""data"":{""id"":""VQyeEokNwJnq7h8sVwmnfg"",""name"":""学生共享创作中心A"",""path"":[{""id"":""WtgvL1bEPyVVjtdHDVtH4i"",""name"":""科学与艺术中心""},{""id"":""VQyeEokNwJnq7h8sVwmnfg"",""name"":""学生共享创作中心A""}],""totalResourceCount"":60,""bookedResourceCount"":1,""bookableResourceCount"":60,""bookingDays"":[""2026-10-03"",""2026-10-04"",""2026-10-05"",""2026-10-06"",""2026-10-07"",""2026-10-08"",""2026-10-09"",""2026-10-10"",""2026-10-11"",""2026-10-12"",""2026-10-13"",""2026-10-14"",""2026-10-15"",""2026-10-16"",""2026-10-17"",""2026-10-18"",""2026-10-19"",""2026-10-20"",""2026-10-21"",""2026-10-22"",""2026-10-23"",""2026-10-24"",""2026-10-25"",""2026-10-26"",""2026-10-27"",""2026-10-28"",""2026-10-29"",""2026-10-30"",""2026-10-31"",""2026-11-01""],""bookingTimes"":{""timeBlockType"":""FIXED_BLOCK"",""supportAcrossDayBooking"":false,""suggestStartTime"":""09:00"",""suggestEndTime"":""14:00"",""startHour"":8,""endHour"":22,""morningEndHour"":12,""afternoonStartHour"":12,""maxDuration"":480,""configMaxDuration"":480,""meetingInterval"":60,""bookingLimitDays"":30,""needCheckin"":true,""disablePersonConflict"":false,""enableFixedBooking"":false,""enableAgentBooking"":true}}}",科学与艺术中心预约.har#22
科学与艺术中心,科学与艺术中心预约.har,23,2026-10-03T00:35:46.254+08:00,2026-10-02T16:35:46.254Z,GET,/api/v3/booking-status/overview,/api/v3/booking-status/overview,CS_SEAT,200,0,252,"{""day"":""2026-10-03""}",,"{""code"":0,""data"":{""currentOfficeArea"":{""id"":""all"",""name"":""所有区域"",""shortName"":""所有区域"",""supportRoomTypes"":[""ROOM""],""abilities"":[]},""bookingDays_count"":30,""bookingTimes"":{""timeBlockType"":""FIXED_BLOCK"",""startHour"":9,""endHour"":18,""morningEndHour"":12,""afternoonStartHour"":12,""maxDuration"":480,""configMaxDuration"":480,""meetingInterval"":15,""bookingLimitDays"":365,""needCheckin"":true,""disablePersonConflict"":false,""enableFixedBooking"":false,""enableAgentBooking"":true}}}",科学与艺术中心预约.har#23
科学与艺术中心,科学与艺术中心预约.har,24,2026-10-03T00:35:46.254+08:00,2026-10-02T16:35:46.254Z,GET,/api/v3/my/bookings/recent,/api/v3/my/bookings/recent,CS_SEAT,200,0,1089,{},,"{""code"":0,""data"":[{""id"":""BOOKING_CS"",""roomId"":""ECsWTCtuEoMSq9DqD8ZAPV"",""roomName"":""A-27"",""officeAreaId"":""VQyeEokNwJnq7h8sVwmnfg"",""officeAreaName"":""学生共享创作中心A"",""roomType"":""CS_SEAT"",""beginTime"":""2026-10-03 09:00:00"",""endTime"":""2026-10-03 14:00:00"",""duration"":300,""status"":""OPEN"",""statusLabel"":""正常"",""needCheckin"":true,""checkedStatus"":""N"",""abilities"":[""cancel"",""edit"",""edit-member"",""set-not-public"",""waitOpen""]}]}",科学与艺术中心预约.har#24
科学与艺术中心,科学与艺术中心预约.har,17,2026-10-03T00:35:47.695+08:00,2026-10-02T16:35:47.695Z,GET,/api/v3/bookings/{bookingId},/api/v3/bookings/BOOKING_CS,CS_SEAT,200,0,798,{},,"{""code"":0,""data"":{""id"":""BOOKING_CS"",""success"":true,""beginTime"":""2026-10-03 09:00:00"",""endTime"":""2026-10-03 14:00:00"",""duration"":300,""roomId"":""ECsWTCtuEoMSq9DqD8ZAPV"",""roomName"":""A-27"",""officeAreaId"":""VQyeEokNwJnq7h8sVwmnfg"",""officeAreaName"":""学生共享创作中心A"",""roomType"":""CS_SEAT"",""status"":""OPEN"",""statusLabel"":""正常"",""needCheckin"":true,""joinStatus"":""Y"",""checkinStatus"":""N"",""checkedStatus"":""N"",""abilities"":[""cancel"",""comment"",""edit"",""edit-member"",""set-not-public"",""share"",""view"",""waitOpen""],""nowAvailableDelayMinutes"":504,""qrCodeUrl"":""/api/room/qrcode/meeting/{bookingId}.png?ts={ts}"",""qrCodeValue"":""/m/b/{bookingId}/c/{checkinToken}?corpAppId={corpAppId}""}}",科学与艺术中心预约.har#17
科学与艺术中心,科学与艺术中心预约.har,3,2026-10-03T00:35:57.264+08:00,2026-10-02T16:35:57.264Z,DELETE,/api/v3/bookings/{bookingId}/cancel,/api/v3/bookings/BOOKING_CS/cancel,CS_SEAT,200,0,1056,{},,"{""code"":0,""noticeMessage"":""取消meetingType.CS_SEAT成功"",""data"":{""success"":true,""templateType"":"""",""beforeNotify"":false,""abilities"":[]}}",科学与艺术中心预约.har#3
科学与艺术中心,科学与艺术中心预约.har,2,2026-10-03T00:35:58.331+08:00,2026-10-02T16:35:58.331Z,GET,/api/v3/my/bookings/recent,/api/v3/my/bookings/recent,CS_SEAT,200,0,151,{},,"{""code"":0,""data"":[{""id"":""BOOKING_CS"",""roomId"":""ECsWTCtuEoMSq9DqD8ZAPV"",""roomName"":""A-27"",""officeAreaId"":""VQyeEokNwJnq7h8sVwmnfg"",""officeAreaName"":""学生共享创作中心A"",""roomType"":""CS_SEAT"",""beginTime"":""2026-10-03 09:00:00"",""endTime"":""2026-10-03 14:00:00"",""duration"":300,""status"":""CANCEL"",""statusLabel"":""已取消"",""needCheckin"":true,""checkedStatus"":""N"",""abilities"":[]}]}",科学与艺术中心预约.har#2
